image_id,prediction
10077,1
10143,0
1020,0
10246,0
10252,3
10469,2
10548,2
10642,0
1080,0
10800,0
10896,0
1101,0
11263,2
11417,0
11431,0
11557,3
11559,1
12159,0
12222,2
12244,0
12442,2
1252,0
12522,1
1289,0
12902,4
1295,1
13364,3
13387,3
13526,2
13568,3
13987,2
14039,0
14051,3
14127,0
14312,2
14401,1
14424,1
14532,4
14542,0
14617,1
15139,0
15188,1
15209,1
15221,0
15231,2
15293,0
15470,2
15486,2
15583,4
15671,1
15742,1
15871,0
15912,1
16042,0
16064,3
16209,0
16325,2
16494,0
1660,2
1666,0
16876,2
16986,1
17067,2
17174,0
17291,2
17365,1
17416,0
17487,1
17637,5
17738,0
1774,2
17854,1
18014,2
18138,1
18196,0
18547,0
18568,0
18607,1
18810,1
18813,0
18896,0
18914,0
18981,0
19030,1
19157,0
1925,0
19255,0
1943,2
19512,0
1952,2
19569,4
20205,2
20312,3
20316,0
20329,4
20463,0
20670,0
20858,0
20882,1
2097,0
21020,5
21232,0
21260,3
21303,3
21373,1
21432,3
21445,4
21910,0
21929,2
22155,2
22221,1
2227,4
22290,2
22425,2
22489,2
22654,1
22740,1
22924,1
23523,4
23629,0
23796,3
2391,3
24023,1
24507,0
24563,2
24617,0
24759,0
24991,0
25256,0
25331,4
25561,0
25604,1
25792,0
25923,2
25928,2
26025,3
26124,3
26190,0
26219,2
26533,2
26603,0
26644,0
2666,1
26862,1
26939,4
26950,2
2706,0
27245,0
27249,0
27315,2
27739,3
27747,0
27851,1
27950,0
28028,0
28066,0
281,1
28121,0
28393,0
28519,0
28562,4
286,1
28603,2
28736,1
28821,0
28922,0
2906,1
29084,5
29147,0
29200,0
29240,0
29331,2
29615,2
29888,0
29904,0
29915,4
30203,2
30272,2
30369,2
30508,0
30515,1
30539,0
3055,0
30712,1
30738,0
30792,0
30794,2
3084,4
30868,4
3092,3
3098,1
30986,4
31033,2
31297,4
31300,3
31333,0
31383,1
31473,0
31594,1
31793,0
3191,2
32032,4
32035,3
32042,1
32112,0
32192,0
3222,3
32432,1
32596,0
32636,0
3264,0
33708,3
33839,3
33976,3
33984,1
34247,0
34277,3
34508,4
34649,0
34688,1
34690,1
34720,0
34822,2
34845,0
3511,1
35197,4
35239,0
35565,4
35592,0
35652,0
35754,1
35792,4
35909,0
35953,1
35998,0
36008,2
36063,2
36204,0
36302,2
36499,0
36513,0
36583,1
36639,0
36678,4
3672,3
36783,4
37190,1
37307,4
37367,0
37385,3
37655,0
38018,0
38019,4
38041,0
38048,0
38097,1
38118,1
38349,2
38366,3
38479,1
38535,0
38585,3
38647,1
38669,2
38687,2
3881,0
38849,3
38901,1
38959,3
39144,4
39146,0
39172,0
39208,4
39252,4
39255,1
39258,3
39269,1
39297,4
39365,0
39425,2
39466,3
39728,0
39872,2
39880,2
39893,0
3997,0
39990,0
4,0
40079,1
40124,0
40129,2
40503,1
40639,0
40864,5
40888,2
41,0
41099,0
4134,4
41361,0
41368,0
41586,2
41801,0
4211,0
42125,2
42260,4
42296,2
42549,2
42857,2
431,3
43280,1
43390,0
43432,0
43671,1
43796,2
43815,0
43875,0
43998,4
44232,1
44283,2
44432,0
44530,4
44581,2
44603,2
44700,4
44804,1
44962,3
44976,2
45104,0
45185,1
45254,1
45578,1
45630,0
45725,2
45990,2
4608,1
46139,0
46172,0
46435,2
46444,1
46469,0
46543,2
46688,1
46736,0
46769,2
46793,0
46815,4
47020,0
47035,4
47105,4
47431,4
47837,0
47911,0
47960,2
4797,4
47984,1
4827,2
48502,1
48506,2
48550,4
48734,1
4877,2
48861,0
48973,0
49281,0
49587,4
4963,1
49872,3
49942,1
49995,3
50048,0
5015,0
50246,2
50304,1
50589,0
50712,0
50878,3
50932,0
50962,1
51021,0
51032,1
51128,1
5114,0
51215,3
51346,0
51499,1
51679,1
51832,0
51893,4
52108,1
52259,2
52275,0
52308,3
52375,2
52420,2
52438,0
52461,2
5251,0
52612,3
5264,0
5265,1
52752,1
52784,0
52836,1
52846,1
52931,2
53059,0
5307,0
53098,1
53377,2
53402,0
53655,1
53688,0
53859,1
53900,1
54007,1
54408,1
54473,3
54506,4
5456,4
54590,0
54825,0
54928,2
54949,0
54990,1
55279,2
55281,0
55287,2
55876,1
56117,4
56221,0
56351,4
56500,3
56799,4
56843,0
56861,2
56875,1
56947,2
56993,4
57100,1
57162,1
57265,4
57468,0
57598,2
57696,2
57711,1
5851,0
5852,3
58895,0
58947,2
58974,2
59002,4
59031,0
59383,0
59515,2
59589,0
5970,2
59760,1
59900,1
5992,0
60058,0
60287,0
60685,2
60928,1
60936,0
60988,2
61033,0
61089,0
61100,5
61280,4
61320,1
6140,0
61424,0
61493,0
61689,0
6175,0
61797,0
61823,1
61852,0
61961,2
62476,4
62641,0
6281,1
62828,2
63015,2
63121,1
63165,2
63289,2
63298,3
63367,1
63429,1
6359,2
6363,1
63836,3
63897,0
63941,0
64111,0
64188,1
6449,1
64629,0
64771,1
64824,2
64950,0
65022,3
65094,1
65300,1
65371,0
65533,1
6558,0
6582,4
66,1
6793,1
6843,0
6898,3
6951,0
706,0
7204,1
7329,1
7482,2
7490,2
7955,2
8130,3
8213,0
8240,0
8279,2
8280,0
8531,1
8713,0
8805,0
8985,3
91,0
9154,4
9183,3
9200,4
9254,4
9341,0
9509,0
9658,2
9697,0
970,0
human_protein_atlas_0,1
human_protein_atlas_1,3
human_protein_atlas_10,1
human_protein_atlas_102,1
human_protein_atlas_104,4
human_protein_atlas_105,4
human_protein_atlas_107,4
human_protein_atlas_108,4
human_protein_atlas_111,4
human_protein_atlas_114,3
human_protein_atlas_116,1
human_protein_atlas_117,3
human_protein_atlas_118,1
human_protein_atlas_124,3
human_protein_atlas_125,3
human_protein_atlas_126,5
human_protein_atlas_127,1
human_protein_atlas_13,1
human_protein_atlas_130,4
human_protein_atlas_136,3
human_protein_atlas_137,4
human_protein_atlas_14,1
human_protein_atlas_142,4
human_protein_atlas_145,3
human_protein_atlas_146,1
human_protein_atlas_148,4
human_protein_atlas_149,1
human_protein_atlas_150,1
human_protein_atlas_152,1
human_protein_atlas_153,4
human_protein_atlas_154,4
human_protein_atlas_155,1
human_protein_atlas_158,1
human_protein_atlas_16,3
human_protein_atlas_160,3
human_protein_atlas_164,1
human_protein_atlas_167,4
human_protein_atlas_169,4
human_protein_atlas_17,4
human_protein_atlas_170,3
human_protein_atlas_171,3
human_protein_atlas_172,1
human_protein_atlas_173,3
human_protein_atlas_174,4
human_protein_atlas_177,3
human_protein_atlas_178,3
human_protein_atlas_181,3
human_protein_atlas_187,1
human_protein_atlas_189,4
human_protein_atlas_19,3
human_protein_atlas_2,1
human_protein_atlas_20,4
human_protein_atlas_21,1
human_protein_atlas_22,1
human_protein_atlas_24,1
human_protein_atlas_25,4
human_protein_atlas_26,1
human_protein_atlas_27,4
human_protein_atlas_28,3
human_protein_atlas_30,1
human_protein_atlas_31,4
human_protein_atlas_36,1
human_protein_atlas_37,4
human_protein_atlas_38,3
human_protein_atlas_39,1
human_protein_atlas_41,4
human_protein_atlas_42,4
human_protein_atlas_43,4
human_protein_atlas_44,1
human_protein_atlas_46,4
human_protein_atlas_47,4
human_protein_atlas_48,1
human_protein_atlas_5,1
human_protein_atlas_50,1
human_protein_atlas_52,4
human_protein_atlas_56,3
human_protein_atlas_57,4
human_protein_atlas_58,1
human_protein_atlas_6,1
human_protein_atlas_61,1
human_protein_atlas_62,4
human_protein_atlas_63,0
human_protein_atlas_66,3
human_protein_atlas_67,4
human_protein_atlas_7,1
human_protein_atlas_70,1
human_protein_atlas_71,3
human_protein_atlas_72,1
human_protein_atlas_74,4
human_protein_atlas_75,3
human_protein_atlas_76,3
human_protein_atlas_77,3
human_protein_atlas_80,1
human_protein_atlas_81,4
human_protein_atlas_82,1
human_protein_atlas_86,4
human_protein_atlas_87,1
human_protein_atlas_88,5
human_protein_atlas_9,1
human_protein_atlas_90,4
human_protein_atlas_91,4
human_protein_atlas_96,4
human_protein_atlas_99,1
kztymsrjx9_0,4
kztymsrjx9_1,4
kztymsrjx9_10,4
kztymsrjx9_100,0
kztymsrjx9_101,0
kztymsrjx9_102,0
kztymsrjx9_103,2
kztymsrjx9_104,4
kztymsrjx9_105,0
kztymsrjx9_106,0
kztymsrjx9_107,0
kztymsrjx9_108,5
kztymsrjx9_109,2
kztymsrjx9_11,4
kztymsrjx9_110,0
kztymsrjx9_111,5
kztymsrjx9_112,0
kztymsrjx9_113,0
kztymsrjx9_114,0
kztymsrjx9_115,2
kztymsrjx9_116,0
kztymsrjx9_117,0
kztymsrjx9_118,0
kztymsrjx9_119,0
kztymsrjx9_12,4
kztymsrjx9_120,3
kztymsrjx9_121,0
kztymsrjx9_122,3
kztymsrjx9_123,0
kztymsrjx9_124,0
kztymsrjx9_125,0
kztymsrjx9_126,0
kztymsrjx9_127,2
kztymsrjx9_128,0
kztymsrjx9_129,0
kztymsrjx9_13,2
kztymsrjx9_130,0
kztymsrjx9_131,0
kztymsrjx9_132,0
kztymsrjx9_133,0
kztymsrjx9_134,0
kztymsrjx9_135,0
kztymsrjx9_136,0
kztymsrjx9_137,0
kztymsrjx9_138,2
kztymsrjx9_139,0
kztymsrjx9_14,4
kztymsrjx9_140,0
kztymsrjx9_141,0
kztymsrjx9_142,0
kztymsrjx9_143,2
kztymsrjx9_144,0
kztymsrjx9_145,0
kztymsrjx9_146,0
kztymsrjx9_147,0
kztymsrjx9_148,1
kztymsrjx9_149,2
kztymsrjx9_15,4
kztymsrjx9_150,0
kztymsrjx9_151,0
kztymsrjx9_152,0
kztymsrjx9_153,0
kztymsrjx9_154,0
kztymsrjx9_155,3
kztymsrjx9_156,0
kztymsrjx9_157,0
kztymsrjx9_158,0
kztymsrjx9_159,4
kztymsrjx9_16,4
kztymsrjx9_160,0
kztymsrjx9_161,0
kztymsrjx9_162,2
kztymsrjx9_163,5
kztymsrjx9_164,0
kztymsrjx9_165,0
kztymsrjx9_166,2
kztymsrjx9_167,0
kztymsrjx9_168,5
kztymsrjx9_169,0
kztymsrjx9_17,4
kztymsrjx9_170,0
kztymsrjx9_171,0
kztymsrjx9_172,2
kztymsrjx9_173,4
kztymsrjx9_174,0
kztymsrjx9_175,0
kztymsrjx9_176,0
kztymsrjx9_177,4
kztymsrjx9_178,0
kztymsrjx9_179,2
kztymsrjx9_18,4
kztymsrjx9_180,0
kztymsrjx9_181,4
kztymsrjx9_182,0
kztymsrjx9_183,4
kztymsrjx9_184,0
kztymsrjx9_185,0
kztymsrjx9_186,0
kztymsrjx9_187,0
kztymsrjx9_188,0
kztymsrjx9_189,0
kztymsrjx9_19,4
kztymsrjx9_190,2
kztymsrjx9_191,0
kztymsrjx9_192,1
kztymsrjx9_193,0
kztymsrjx9_194,0
kztymsrjx9_195,0
kztymsrjx9_196,2
kztymsrjx9_197,0
kztymsrjx9_198,2
kztymsrjx9_199,2
kztymsrjx9_2,4
kztymsrjx9_20,4
kztymsrjx9_200,1
kztymsrjx9_201,1
kztymsrjx9_202,1
kztymsrjx9_203,1
kztymsrjx9_204,1
kztymsrjx9_205,1
kztymsrjx9_206,1
kztymsrjx9_207,1
kztymsrjx9_208,1
kztymsrjx9_209,1
kztymsrjx9_21,4
kztymsrjx9_210,1
kztymsrjx9_211,1
kztymsrjx9_212,1
kztymsrjx9_213,2
kztymsrjx9_214,1
kztymsrjx9_215,1
kztymsrjx9_216,1
kztymsrjx9_217,1
kztymsrjx9_218,1
kztymsrjx9_219,1
kztymsrjx9_22,4
kztymsrjx9_220,1
kztymsrjx9_221,3
kztymsrjx9_222,1
kztymsrjx9_223,1
kztymsrjx9_224,1
kztymsrjx9_225,1
kztymsrjx9_226,1
kztymsrjx9_227,1
kztymsrjx9_228,1
kztymsrjx9_229,1
kztymsrjx9_23,4
kztymsrjx9_230,1
kztymsrjx9_231,1
kztymsrjx9_232,1
kztymsrjx9_233,1
kztymsrjx9_234,1
kztymsrjx9_235,1
kztymsrjx9_236,1
kztymsrjx9_237,1
kztymsrjx9_238,1
kztymsrjx9_239,1
kztymsrjx9_24,4
kztymsrjx9_240,1
kztymsrjx9_241,1
kztymsrjx9_242,1
kztymsrjx9_243,1
kztymsrjx9_244,1
kztymsrjx9_245,1
kztymsrjx9_246,1
kztymsrjx9_247,1
kztymsrjx9_248,1
kztymsrjx9_249,1
kztymsrjx9_25,4
kztymsrjx9_250,1
kztymsrjx9_251,1
kztymsrjx9_252,1
kztymsrjx9_253,1
kztymsrjx9_254,1
kztymsrjx9_255,1
kztymsrjx9_256,1
kztymsrjx9_257,1
kztymsrjx9_258,1
kztymsrjx9_259,1
kztymsrjx9_26,4
kztymsrjx9_260,1
kztymsrjx9_261,1
kztymsrjx9_262,1
kztymsrjx9_263,1
kztymsrjx9_264,1
kztymsrjx9_265,1
kztymsrjx9_266,1
kztymsrjx9_267,1
kztymsrjx9_268,1
kztymsrjx9_269,1
kztymsrjx9_27,4
kztymsrjx9_270,1
kztymsrjx9_271,1
kztymsrjx9_272,1
kztymsrjx9_273,1
kztymsrjx9_274,1
kztymsrjx9_275,1
kztymsrjx9_276,1
kztymsrjx9_277,1
kztymsrjx9_278,1
kztymsrjx9_279,1
kztymsrjx9_28,4
kztymsrjx9_280,1
kztymsrjx9_281,1
kztymsrjx9_282,1
kztymsrjx9_283,1
kztymsrjx9_284,1
kztymsrjx9_285,1
kztymsrjx9_286,1
kztymsrjx9_287,1
kztymsrjx9_288,1
kztymsrjx9_289,1
kztymsrjx9_29,4
kztymsrjx9_290,1
kztymsrjx9_291,1
kztymsrjx9_292,1
kztymsrjx9_293,1
kztymsrjx9_294,1
kztymsrjx9_295,2
kztymsrjx9_296,1
kztymsrjx9_297,1
kztymsrjx9_3,4
kztymsrjx9_30,4
kztymsrjx9_31,4
kztymsrjx9_32,4
kztymsrjx9_33,3
kztymsrjx9_34,4
kztymsrjx9_35,4
kztymsrjx9_36,4
kztymsrjx9_37,4
kztymsrjx9_38,4
kztymsrjx9_39,2
kztymsrjx9_398,2
kztymsrjx9_399,2
kztymsrjx9_4,4
kztymsrjx9_40,4
kztymsrjx9_400,4
kztymsrjx9_401,2
kztymsrjx9_402,2
kztymsrjx9_403,2
kztymsrjx9_404,2
kztymsrjx9_405,2
kztymsrjx9_406,2
kztymsrjx9_407,2
kztymsrjx9_408,2
kztymsrjx9_409,2
kztymsrjx9_41,4
kztymsrjx9_410,2
kztymsrjx9_411,2
kztymsrjx9_412,2
kztymsrjx9_413,0
kztymsrjx9_414,2
kztymsrjx9_415,2
kztymsrjx9_416,2
kztymsrjx9_417,2
kztymsrjx9_418,2
kztymsrjx9_419,2
kztymsrjx9_42,4
kztymsrjx9_420,2
kztymsrjx9_421,4
kztymsrjx9_422,2
kztymsrjx9_423,2
kztymsrjx9_424,2
kztymsrjx9_425,2
kztymsrjx9_426,2
kztymsrjx9_427,2
kztymsrjx9_428,2
kztymsrjx9_429,2
kztymsrjx9_43,4
kztymsrjx9_430,2
kztymsrjx9_431,2
kztymsrjx9_432,2
kztymsrjx9_433,2
kztymsrjx9_434,2
kztymsrjx9_435,2
kztymsrjx9_436,2
kztymsrjx9_437,2
kztymsrjx9_438,2
kztymsrjx9_439,2
kztymsrjx9_44,4
kztymsrjx9_440,2
kztymsrjx9_441,2
kztymsrjx9_442,2
kztymsrjx9_443,2
kztymsrjx9_444,2
kztymsrjx9_445,2
kztymsrjx9_446,2
kztymsrjx9_447,2
kztymsrjx9_448,2
kztymsrjx9_449,2
kztymsrjx9_45,4
kztymsrjx9_450,2
kztymsrjx9_451,2
kztymsrjx9_452,2
kztymsrjx9_453,2
kztymsrjx9_454,2
kztymsrjx9_455,2
kztymsrjx9_456,2
kztymsrjx9_457,2
kztymsrjx9_458,2
kztymsrjx9_459,2
kztymsrjx9_46,4
kztymsrjx9_460,2
kztymsrjx9_461,2
kztymsrjx9_462,2
kztymsrjx9_463,2
kztymsrjx9_464,2
kztymsrjx9_465,2
kztymsrjx9_466,2
kztymsrjx9_467,2
kztymsrjx9_468,2
kztymsrjx9_469,2
kztymsrjx9_47,4
kztymsrjx9_470,2
kztymsrjx9_471,2
kztymsrjx9_472,2
kztymsrjx9_473,2
kztymsrjx9_474,2
kztymsrjx9_475,4
kztymsrjx9_476,2
kztymsrjx9_477,2
kztymsrjx9_478,2
kztymsrjx9_479,2
kztymsrjx9_48,4
kztymsrjx9_480,4
kztymsrjx9_481,2
kztymsrjx9_482,2
kztymsrjx9_483,2
kztymsrjx9_484,2
kztymsrjx9_485,2
kztymsrjx9_486,2
kztymsrjx9_487,2
kztymsrjx9_488,2
kztymsrjx9_489,2
kztymsrjx9_49,4
kztymsrjx9_490,2
kztymsrjx9_491,2
kztymsrjx9_492,2
kztymsrjx9_493,2
kztymsrjx9_494,2
kztymsrjx9_495,2
kztymsrjx9_496,2
kztymsrjx9_497,2
kztymsrjx9_5,4
kztymsrjx9_50,4
kztymsrjx9_51,4
kztymsrjx9_52,4
kztymsrjx9_53,4
kztymsrjx9_54,4
kztymsrjx9_55,4
kztymsrjx9_56,4
kztymsrjx9_57,4
kztymsrjx9_58,4
kztymsrjx9_59,4
kztymsrjx9_6,4
kztymsrjx9_60,4
kztymsrjx9_61,4
kztymsrjx9_62,4
kztymsrjx9_63,4
kztymsrjx9_64,4
kztymsrjx9_65,4
kztymsrjx9_66,4
kztymsrjx9_67,4
kztymsrjx9_68,4
kztymsrjx9_69,4
kztymsrjx9_7,4
kztymsrjx9_70,4
kztymsrjx9_71,4
kztymsrjx9_72,4
kztymsrjx9_73,4
kztymsrjx9_74,4
kztymsrjx9_75,0
kztymsrjx9_76,4
kztymsrjx9_77,4
kztymsrjx9_78,4
kztymsrjx9_79,4
kztymsrjx9_8,4
kztymsrjx9_80,4
kztymsrjx9_81,4
kztymsrjx9_82,4
kztymsrjx9_83,2
kztymsrjx9_84,4
kztymsrjx9_85,4
kztymsrjx9_86,1
kztymsrjx9_87,4
kztymsrjx9_88,4
kztymsrjx9_89,2
kztymsrjx9_9,4
kztymsrjx9_90,4
kztymsrjx9_91,4
kztymsrjx9_92,4
kztymsrjx9_93,4
kztymsrjx9_94,4
kztymsrjx9_95,4
kztymsrjx9_96,4
kztymsrjx9_97,4
kztymsrjx9_98,4
kztymsrjx9_99,4
stanford_tissue_microarray_database_ovarian_cancer_tma_0,5
stanford_tissue_microarray_database_ovarian_cancer_tma_1,5
stanford_tissue_microarray_database_ovarian_cancer_tma_10,5
stanford_tissue_microarray_database_ovarian_cancer_tma_100,2
stanford_tissue_microarray_database_ovarian_cancer_tma_101,5
stanford_tissue_microarray_database_ovarian_cancer_tma_102,5
stanford_tissue_microarray_database_ovarian_cancer_tma_103,3
stanford_tissue_microarray_database_ovarian_cancer_tma_104,5
stanford_tissue_microarray_database_ovarian_cancer_tma_105,5
stanford_tissue_microarray_database_ovarian_cancer_tma_106,5
stanford_tissue_microarray_database_ovarian_cancer_tma_107,5
stanford_tissue_microarray_database_ovarian_cancer_tma_108,5
stanford_tissue_microarray_database_ovarian_cancer_tma_109,5
stanford_tissue_microarray_database_ovarian_cancer_tma_11,5
stanford_tissue_microarray_database_ovarian_cancer_tma_110,5
stanford_tissue_microarray_database_ovarian_cancer_tma_111,5
stanford_tissue_microarray_database_ovarian_cancer_tma_112,5
stanford_tissue_microarray_database_ovarian_cancer_tma_113,0
stanford_tissue_microarray_database_ovarian_cancer_tma_114,0
stanford_tissue_microarray_database_ovarian_cancer_tma_115,5
stanford_tissue_microarray_database_ovarian_cancer_tma_116,5
stanford_tissue_microarray_database_ovarian_cancer_tma_117,5
stanford_tissue_microarray_database_ovarian_cancer_tma_118,5
stanford_tissue_microarray_database_ovarian_cancer_tma_119,5
stanford_tissue_microarray_database_ovarian_cancer_tma_12,5
stanford_tissue_microarray_database_ovarian_cancer_tma_120,5
stanford_tissue_microarray_database_ovarian_cancer_tma_121,5
stanford_tissue_microarray_database_ovarian_cancer_tma_122,5
stanford_tissue_microarray_database_ovarian_cancer_tma_123,0
stanford_tissue_microarray_database_ovarian_cancer_tma_124,5
stanford_tissue_microarray_database_ovarian_cancer_tma_125,0
stanford_tissue_microarray_database_ovarian_cancer_tma_126,3
stanford_tissue_microarray_database_ovarian_cancer_tma_127,5
stanford_tissue_microarray_database_ovarian_cancer_tma_128,0
stanford_tissue_microarray_database_ovarian_cancer_tma_129,3
stanford_tissue_microarray_database_ovarian_cancer_tma_13,5
stanford_tissue_microarray_database_ovarian_cancer_tma_130,5
stanford_tissue_microarray_database_ovarian_cancer_tma_131,3
stanford_tissue_microarray_database_ovarian_cancer_tma_132,5
stanford_tissue_microarray_database_ovarian_cancer_tma_133,5
stanford_tissue_microarray_database_ovarian_cancer_tma_14,5
stanford_tissue_microarray_database_ovarian_cancer_tma_15,0
stanford_tissue_microarray_database_ovarian_cancer_tma_16,5
stanford_tissue_microarray_database_ovarian_cancer_tma_17,5
stanford_tissue_microarray_database_ovarian_cancer_tma_18,0
stanford_tissue_microarray_database_ovarian_cancer_tma_19,5
stanford_tissue_microarray_database_ovarian_cancer_tma_2,0
stanford_tissue_microarray_database_ovarian_cancer_tma_20,5
stanford_tissue_microarray_database_ovarian_cancer_tma_21,3
stanford_tissue_microarray_database_ovarian_cancer_tma_22,5
stanford_tissue_microarray_database_ovarian_cancer_tma_23,5
stanford_tissue_microarray_database_ovarian_cancer_tma_24,0
stanford_tissue_microarray_database_ovarian_cancer_tma_25,5
stanford_tissue_microarray_database_ovarian_cancer_tma_26,5
stanford_tissue_microarray_database_ovarian_cancer_tma_27,0
stanford_tissue_microarray_database_ovarian_cancer_tma_28,5
stanford_tissue_microarray_database_ovarian_cancer_tma_29,5
stanford_tissue_microarray_database_ovarian_cancer_tma_3,5
stanford_tissue_microarray_database_ovarian_cancer_tma_30,5
stanford_tissue_microarray_database_ovarian_cancer_tma_31,0
stanford_tissue_microarray_database_ovarian_cancer_tma_32,5
stanford_tissue_microarray_database_ovarian_cancer_tma_33,5
stanford_tissue_microarray_database_ovarian_cancer_tma_34,5
stanford_tissue_microarray_database_ovarian_cancer_tma_35,5
stanford_tissue_microarray_database_ovarian_cancer_tma_36,0
stanford_tissue_microarray_database_ovarian_cancer_tma_37,0
stanford_tissue_microarray_database_ovarian_cancer_tma_38,5
stanford_tissue_microarray_database_ovarian_cancer_tma_39,5
stanford_tissue_microarray_database_ovarian_cancer_tma_4,0
stanford_tissue_microarray_database_ovarian_cancer_tma_40,5
stanford_tissue_microarray_database_ovarian_cancer_tma_41,5
stanford_tissue_microarray_database_ovarian_cancer_tma_42,5
stanford_tissue_microarray_database_ovarian_cancer_tma_43,5
stanford_tissue_microarray_database_ovarian_cancer_tma_44,5
stanford_tissue_microarray_database_ovarian_cancer_tma_45,1
stanford_tissue_microarray_database_ovarian_cancer_tma_46,3
stanford_tissue_microarray_database_ovarian_cancer_tma_47,5
stanford_tissue_microarray_database_ovarian_cancer_tma_48,0
stanford_tissue_microarray_database_ovarian_cancer_tma_49,2
stanford_tissue_microarray_database_ovarian_cancer_tma_5,5
stanford_tissue_microarray_database_ovarian_cancer_tma_50,5
stanford_tissue_microarray_database_ovarian_cancer_tma_51,1
stanford_tissue_microarray_database_ovarian_cancer_tma_52,5
stanford_tissue_microarray_database_ovarian_cancer_tma_53,5
stanford_tissue_microarray_database_ovarian_cancer_tma_54,1
stanford_tissue_microarray_database_ovarian_cancer_tma_55,5
stanford_tissue_microarray_database_ovarian_cancer_tma_56,5
stanford_tissue_microarray_database_ovarian_cancer_tma_57,5
stanford_tissue_microarray_database_ovarian_cancer_tma_58,5
stanford_tissue_microarray_database_ovarian_cancer_tma_59,0
stanford_tissue_microarray_database_ovarian_cancer_tma_6,1
stanford_tissue_microarray_database_ovarian_cancer_tma_60,5
stanford_tissue_microarray_database_ovarian_cancer_tma_61,5
stanford_tissue_microarray_database_ovarian_cancer_tma_62,1
stanford_tissue_microarray_database_ovarian_cancer_tma_63,3
stanford_tissue_microarray_database_ovarian_cancer_tma_64,0
stanford_tissue_microarray_database_ovarian_cancer_tma_65,5
stanford_tissue_microarray_database_ovarian_cancer_tma_66,5
stanford_tissue_microarray_database_ovarian_cancer_tma_67,5
stanford_tissue_microarray_database_ovarian_cancer_tma_68,0
stanford_tissue_microarray_database_ovarian_cancer_tma_69,0
stanford_tissue_microarray_database_ovarian_cancer_tma_7,5
stanford_tissue_microarray_database_ovarian_cancer_tma_70,0
stanford_tissue_microarray_database_ovarian_cancer_tma_71,4
stanford_tissue_microarray_database_ovarian_cancer_tma_72,5
stanford_tissue_microarray_database_ovarian_cancer_tma_73,5
stanford_tissue_microarray_database_ovarian_cancer_tma_74,5
stanford_tissue_microarray_database_ovarian_cancer_tma_75,5
stanford_tissue_microarray_database_ovarian_cancer_tma_76,5
stanford_tissue_microarray_database_ovarian_cancer_tma_77,0
stanford_tissue_microarray_database_ovarian_cancer_tma_78,5
stanford_tissue_microarray_database_ovarian_cancer_tma_79,5
stanford_tissue_microarray_database_ovarian_cancer_tma_8,1
stanford_tissue_microarray_database_ovarian_cancer_tma_80,5
stanford_tissue_microarray_database_ovarian_cancer_tma_81,1
stanford_tissue_microarray_database_ovarian_cancer_tma_82,5
stanford_tissue_microarray_database_ovarian_cancer_tma_83,4
stanford_tissue_microarray_database_ovarian_cancer_tma_84,5
stanford_tissue_microarray_database_ovarian_cancer_tma_85,5
stanford_tissue_microarray_database_ovarian_cancer_tma_86,1
stanford_tissue_microarray_database_ovarian_cancer_tma_87,5
stanford_tissue_microarray_database_ovarian_cancer_tma_88,5
stanford_tissue_microarray_database_ovarian_cancer_tma_89,0
stanford_tissue_microarray_database_ovarian_cancer_tma_9,0
stanford_tissue_microarray_database_ovarian_cancer_tma_90,5
stanford_tissue_microarray_database_ovarian_cancer_tma_91,5
stanford_tissue_microarray_database_ovarian_cancer_tma_92,5
stanford_tissue_microarray_database_ovarian_cancer_tma_93,4
stanford_tissue_microarray_database_ovarian_cancer_tma_94,5
stanford_tissue_microarray_database_ovarian_cancer_tma_95,5
stanford_tissue_microarray_database_ovarian_cancer_tma_96,0
stanford_tissue_microarray_database_ovarian_cancer_tma_97,0
stanford_tissue_microarray_database_ovarian_cancer_tma_98,5
stanford_tissue_microarray_database_ovarian_cancer_tma_99,5
tissuearraycom_0,5
tissuearraycom_1,4
tissuearraycom_10,3
tissuearraycom_100,3
tissuearraycom_1000,5
tissuearraycom_1001,3
tissuearraycom_1002,3
tissuearraycom_1003,5
tissuearraycom_1004,0
tissuearraycom_1005,0
tissuearraycom_1006,5
tissuearraycom_1007,5
tissuearraycom_1008,3
tissuearraycom_1009,5
tissuearraycom_101,0
tissuearraycom_1010,5
tissuearraycom_1011,2
tissuearraycom_1012,3
tissuearraycom_1013,5
tissuearraycom_1014,3
tissuearraycom_1015,0
tissuearraycom_1016,5
tissuearraycom_1017,3
tissuearraycom_1018,3
tissuearraycom_1019,3
tissuearraycom_102,2
tissuearraycom_1020,5
tissuearraycom_1021,4
tissuearraycom_1022,3
tissuearraycom_1023,3
tissuearraycom_1024,5
tissuearraycom_1025,5
tissuearraycom_1026,5
tissuearraycom_1027,4
tissuearraycom_1028,5
tissuearraycom_1029,5
tissuearraycom_103,4
tissuearraycom_1030,5
tissuearraycom_1031,0
tissuearraycom_1032,5
tissuearraycom_1033,0
tissuearraycom_1034,3
tissuearraycom_1035,0
tissuearraycom_1036,0
tissuearraycom_1037,5
tissuearraycom_1038,5
tissuearraycom_1039,0
tissuearraycom_104,5
tissuearraycom_1040,0
tissuearraycom_1041,5
tissuearraycom_1042,5
tissuearraycom_1043,5
tissuearraycom_1044,0
tissuearraycom_1045,3
tissuearraycom_1046,0
tissuearraycom_1047,5
tissuearraycom_1048,3
tissuearraycom_1049,0
tissuearraycom_105,5
tissuearraycom_1050,2
tissuearraycom_1051,3
tissuearraycom_1052,3
tissuearraycom_1053,0
tissuearraycom_1054,3
tissuearraycom_1055,5
tissuearraycom_1056,5
tissuearraycom_1057,4
tissuearraycom_1058,5
tissuearraycom_1059,5
tissuearraycom_106,5
tissuearraycom_107,0
tissuearraycom_108,5
tissuearraycom_109,0
tissuearraycom_11,3
tissuearraycom_110,5
tissuearraycom_111,5
tissuearraycom_112,5
tissuearraycom_113,0
tissuearraycom_114,4
tissuearraycom_115,0
tissuearraycom_116,0
tissuearraycom_117,5
tissuearraycom_118,5
tissuearraycom_119,0
tissuearraycom_12,4
tissuearraycom_120,5
tissuearraycom_121,5
tissuearraycom_122,0
tissuearraycom_123,5
tissuearraycom_124,3
tissuearraycom_125,3
tissuearraycom_126,0
tissuearraycom_127,5
tissuearraycom_128,2
tissuearraycom_129,4
tissuearraycom_13,0
tissuearraycom_130,3
tissuearraycom_131,2
tissuearraycom_132,0
tissuearraycom_133,3
tissuearraycom_134,3
tissuearraycom_135,0
tissuearraycom_136,3
tissuearraycom_137,0
tissuearraycom_138,2
tissuearraycom_139,1
tissuearraycom_14,2
tissuearraycom_140,0
tissuearraycom_141,0
tissuearraycom_142,4
tissuearraycom_143,5
tissuearraycom_144,0
tissuearraycom_145,2
tissuearraycom_146,0
tissuearraycom_147,5
tissuearraycom_148,5
tissuearraycom_149,5
tissuearraycom_15,0
tissuearraycom_150,3
tissuearraycom_151,5
tissuearraycom_152,5
tissuearraycom_153,0
tissuearraycom_154,5
tissuearraycom_155,3
tissuearraycom_156,3
tissuearraycom_157,3
tissuearraycom_158,1
tissuearraycom_159,3
tissuearraycom_16,5
tissuearraycom_160,5
tissuearraycom_161,0
tissuearraycom_162,5
tissuearraycom_163,4
tissuearraycom_164,4
tissuearraycom_165,0
tissuearraycom_166,5
tissuearraycom_167,4
tissuearraycom_168,3
tissuearraycom_169,5
tissuearraycom_17,5
tissuearraycom_170,1
tissuearraycom_171,0
tissuearraycom_172,4
tissuearraycom_173,5
tissuearraycom_174,5
tissuearraycom_175,3
tissuearraycom_176,5
tissuearraycom_177,5
tissuearraycom_178,3
tissuearraycom_179,5
tissuearraycom_18,5
tissuearraycom_180,5
tissuearraycom_181,5
tissuearraycom_182,0
tissuearraycom_183,5
tissuearraycom_184,5
tissuearraycom_185,3
tissuearraycom_186,0
tissuearraycom_187,5
tissuearraycom_188,3
tissuearraycom_189,3
tissuearraycom_19,4
tissuearraycom_190,4
tissuearraycom_191,3
tissuearraycom_192,5
tissuearraycom_193,0
tissuearraycom_194,2
tissuearraycom_195,5
tissuearraycom_196,3
tissuearraycom_197,5
tissuearraycom_198,2
tissuearraycom_199,1
tissuearraycom_2,4
tissuearraycom_20,3
tissuearraycom_200,5
tissuearraycom_201,3
tissuearraycom_202,0
tissuearraycom_203,5
tissuearraycom_204,2
tissuearraycom_205,4
tissuearraycom_206,0
tissuearraycom_207,5
tissuearraycom_208,0
tissuearraycom_209,5
tissuearraycom_21,5
tissuearraycom_210,5
tissuearraycom_211,5
tissuearraycom_212,5
tissuearraycom_213,5
tissuearraycom_214,0
tissuearraycom_215,5
tissuearraycom_216,0
tissuearraycom_217,5
tissuearraycom_218,1
tissuearraycom_219,4
tissuearraycom_22,3
tissuearraycom_220,5
tissuearraycom_221,5
tissuearraycom_222,3
tissuearraycom_223,0
tissuearraycom_224,5
tissuearraycom_225,4
tissuearraycom_226,4
tissuearraycom_227,0
tissuearraycom_228,5
tissuearraycom_229,5
tissuearraycom_23,2
tissuearraycom_230,5
tissuearraycom_231,0
tissuearraycom_232,0
tissuearraycom_233,5
tissuearraycom_234,0
tissuearraycom_235,4
tissuearraycom_236,3
tissuearraycom_237,5
tissuearraycom_238,5
tissuearraycom_239,5
tissuearraycom_24,0
tissuearraycom_240,5
tissuearraycom_241,5
tissuearraycom_242,3
tissuearraycom_243,5
tissuearraycom_244,5
tissuearraycom_245,3
tissuearraycom_246,0
tissuearraycom_247,5
tissuearraycom_248,5
tissuearraycom_249,0
tissuearraycom_25,5
tissuearraycom_250,3
tissuearraycom_251,5
tissuearraycom_252,3
tissuearraycom_253,5
tissuearraycom_254,5
tissuearraycom_255,3
tissuearraycom_256,4
tissuearraycom_257,4
tissuearraycom_258,0
tissuearraycom_259,0
tissuearraycom_26,0
tissuearraycom_260,5
tissuearraycom_261,3
tissuearraycom_262,5
tissuearraycom_263,5
tissuearraycom_264,0
tissuearraycom_265,2
tissuearraycom_266,2
tissuearraycom_267,0
tissuearraycom_268,3
tissuearraycom_269,5
tissuearraycom_27,5
tissuearraycom_270,2
tissuearraycom_271,5
tissuearraycom_272,5
tissuearraycom_273,5
tissuearraycom_274,0
tissuearraycom_275,5
tissuearraycom_276,3
tissuearraycom_277,5
tissuearraycom_278,5
tissuearraycom_279,5
tissuearraycom_28,5
tissuearraycom_280,5
tissuearraycom_281,5
tissuearraycom_282,3
tissuearraycom_283,2
tissuearraycom_284,2
tissuearraycom_285,3
tissuearraycom_286,0
tissuearraycom_287,4
tissuearraycom_288,3
tissuearraycom_289,0
tissuearraycom_29,3
tissuearraycom_290,5
tissuearraycom_291,5
tissuearraycom_292,5
tissuearraycom_293,0
tissuearraycom_294,0
tissuearraycom_295,3
tissuearraycom_296,2
tissuearraycom_297,0
tissuearraycom_298,5
tissuearraycom_299,4
tissuearraycom_3,2
tissuearraycom_30,5
tissuearraycom_300,2
tissuearraycom_301,0
tissuearraycom_302,0
tissuearraycom_303,3
tissuearraycom_304,2
tissuearraycom_305,2
tissuearraycom_306,5
tissuearraycom_307,0
tissuearraycom_308,3
tissuearraycom_309,5
tissuearraycom_31,5
tissuearraycom_310,5
tissuearraycom_311,5
tissuearraycom_312,5
tissuearraycom_313,5
tissuearraycom_314,5
tissuearraycom_315,4
tissuearraycom_316,5
tissuearraycom_317,5
tissuearraycom_318,4
tissuearraycom_319,5
tissuearraycom_32,0
tissuearraycom_320,5
tissuearraycom_321,3
tissuearraycom_322,0
tissuearraycom_323,5
tissuearraycom_324,5
tissuearraycom_325,4
tissuearraycom_326,5
tissuearraycom_327,5
tissuearraycom_328,5
tissuearraycom_329,5
tissuearraycom_33,5
tissuearraycom_330,5
tissuearraycom_331,5
tissuearraycom_332,5
tissuearraycom_333,5
tissuearraycom_334,5
tissuearraycom_335,5
tissuearraycom_336,5
tissuearraycom_337,5
tissuearraycom_338,0
tissuearraycom_339,2
tissuearraycom_34,5
tissuearraycom_340,4
tissuearraycom_341,5
tissuearraycom_342,5
tissuearraycom_343,5
tissuearraycom_344,5
tissuearraycom_345,3
tissuearraycom_346,4
tissuearraycom_347,4
tissuearraycom_348,3
tissuearraycom_349,3
tissuearraycom_35,5
tissuearraycom_350,4
tissuearraycom_351,0
tissuearraycom_352,4
tissuearraycom_353,5
tissuearraycom_354,5
tissuearraycom_355,3
tissuearraycom_356,5
tissuearraycom_357,5
tissuearraycom_358,5
tissuearraycom_359,5
tissuearraycom_36,5
tissuearraycom_360,5
tissuearraycom_361,5
tissuearraycom_362,0
tissuearraycom_363,4
tissuearraycom_364,0
tissuearraycom_365,4
tissuearraycom_366,5
tissuearraycom_367,5
tissuearraycom_368,3
tissuearraycom_369,5
tissuearraycom_37,5
tissuearraycom_370,3
tissuearraycom_371,5
tissuearraycom_372,3
tissuearraycom_373,0
tissuearraycom_374,5
tissuearraycom_375,1
tissuearraycom_376,5
tissuearraycom_377,5
tissuearraycom_378,5
tissuearraycom_379,5
tissuearraycom_38,5
tissuearraycom_380,0
tissuearraycom_381,5
tissuearraycom_382,5
tissuearraycom_383,3
tissuearraycom_384,5
tissuearraycom_385,4
tissuearraycom_386,5
tissuearraycom_387,5
tissuearraycom_388,5
tissuearraycom_389,5
tissuearraycom_39,5
tissuearraycom_390,4
tissuearraycom_391,5
tissuearraycom_392,5
tissuearraycom_393,3
tissuearraycom_394,5
tissuearraycom_395,5
tissuearraycom_396,5
tissuearraycom_397,0
tissuearraycom_398,5
tissuearraycom_399,5
tissuearraycom_4,5
tissuearraycom_40,5
tissuearraycom_400,0
tissuearraycom_401,5
tissuearraycom_402,5
tissuearraycom_403,3
tissuearraycom_404,5
tissuearraycom_405,5
tissuearraycom_406,5
tissuearraycom_407,5
tissuearraycom_408,3
tissuearraycom_409,3
tissuearraycom_41,2
tissuearraycom_410,0
tissuearraycom_411,0
tissuearraycom_412,5
tissuearraycom_413,5
tissuearraycom_414,4
tissuearraycom_415,5
tissuearraycom_416,5
tissuearraycom_417,0
tissuearraycom_418,0
tissuearraycom_419,5
tissuearraycom_42,5
tissuearraycom_420,5
tissuearraycom_421,0
tissuearraycom_422,5
tissuearraycom_423,2
tissuearraycom_424,5
tissuearraycom_425,0
tissuearraycom_426,4
tissuearraycom_427,0
tissuearraycom_428,5
tissuearraycom_429,4
tissuearraycom_43,3
tissuearraycom_430,4
tissuearraycom_431,5
tissuearraycom_432,5
tissuearraycom_433,2
tissuearraycom_434,5
tissuearraycom_435,5
tissuearraycom_436,0
tissuearraycom_437,5
tissuearraycom_438,5
tissuearraycom_439,5
tissuearraycom_44,5
tissuearraycom_440,2
tissuearraycom_441,5
tissuearraycom_442,5
tissuearraycom_443,5
tissuearraycom_444,0
tissuearraycom_445,2
tissuearraycom_446,0
tissuearraycom_447,5
tissuearraycom_448,3
tissuearraycom_449,0
tissuearraycom_45,5
tissuearraycom_450,0
tissuearraycom_451,5
tissuearraycom_452,5
tissuearraycom_453,5
tissuearraycom_454,0
tissuearraycom_455,3
tissuearraycom_456,5
tissuearraycom_457,3
tissuearraycom_458,5
tissuearraycom_459,3
tissuearraycom_46,0
tissuearraycom_460,0
tissuearraycom_461,5
tissuearraycom_462,5
tissuearraycom_463,1
tissuearraycom_464,3
tissuearraycom_465,4
tissuearraycom_466,0
tissuearraycom_467,5
tissuearraycom_468,5
tissuearraycom_469,5
tissuearraycom_47,5
tissuearraycom_470,4
tissuearraycom_471,5
tissuearraycom_472,5
tissuearraycom_473,5
tissuearraycom_474,3
tissuearraycom_475,3
tissuearraycom_476,4
tissuearraycom_477,3
tissuearraycom_478,3
tissuearraycom_479,3
tissuearraycom_48,4
tissuearraycom_480,5
tissuearraycom_481,5
tissuearraycom_482,3
tissuearraycom_483,3
tissuearraycom_484,5
tissuearraycom_485,4
tissuearraycom_486,5
tissuearraycom_487,3
tissuearraycom_488,5
tissuearraycom_489,5
tissuearraycom_49,0
tissuearraycom_490,3
tissuearraycom_491,5
tissuearraycom_492,5
tissuearraycom_493,5
tissuearraycom_494,5
tissuearraycom_495,5
tissuearraycom_496,0
tissuearraycom_497,0
tissuearraycom_498,5
tissuearraycom_499,0
tissuearraycom_5,5
tissuearraycom_50,0
tissuearraycom_500,0
tissuearraycom_501,3
tissuearraycom_502,1
tissuearraycom_503,5
tissuearraycom_504,3
tissuearraycom_505,5
tissuearraycom_506,3
tissuearraycom_507,3
tissuearraycom_508,5
tissuearraycom_509,3
tissuearraycom_51,5
tissuearraycom_510,0
tissuearraycom_511,5
tissuearraycom_512,3
tissuearraycom_513,5
tissuearraycom_514,5
tissuearraycom_515,5
tissuearraycom_516,5
tissuearraycom_517,5
tissuearraycom_518,0
tissuearraycom_519,0
tissuearraycom_52,3
tissuearraycom_520,0
tissuearraycom_521,3
tissuearraycom_522,4
tissuearraycom_523,5
tissuearraycom_524,5
tissuearraycom_525,5
tissuearraycom_526,0
tissuearraycom_527,3
tissuearraycom_528,5
tissuearraycom_529,3
tissuearraycom_53,0
tissuearraycom_530,5
tissuearraycom_531,0
tissuearraycom_532,5
tissuearraycom_533,3
tissuearraycom_534,5
tissuearraycom_535,0
tissuearraycom_536,4
tissuearraycom_537,0
tissuearraycom_538,5
tissuearraycom_539,3
tissuearraycom_54,5
tissuearraycom_540,5
tissuearraycom_541,5
tissuearraycom_542,5
tissuearraycom_543,5
tissuearraycom_544,5
tissuearraycom_545,0
tissuearraycom_546,5
tissuearraycom_547,3
tissuearraycom_548,5
tissuearraycom_549,3
tissuearraycom_55,5
tissuearraycom_550,3
tissuearraycom_551,0
tissuearraycom_552,3
tissuearraycom_553,5
tissuearraycom_554,0
tissuearraycom_555,3
tissuearraycom_556,2
tissuearraycom_557,5
tissuearraycom_558,5
tissuearraycom_559,5
tissuearraycom_56,2
tissuearraycom_560,3
tissuearraycom_561,5
tissuearraycom_562,3
tissuearraycom_563,4
tissuearraycom_564,3
tissuearraycom_565,5
tissuearraycom_566,5
tissuearraycom_567,5
tissuearraycom_568,5
tissuearraycom_569,3
tissuearraycom_57,5
tissuearraycom_570,5
tissuearraycom_571,0
tissuearraycom_572,5
tissuearraycom_573,3
tissuearraycom_574,0
tissuearraycom_575,5
tissuearraycom_576,2
tissuearraycom_577,5
tissuearraycom_578,0
tissuearraycom_579,5
tissuearraycom_58,3
tissuearraycom_580,5
tissuearraycom_581,0
tissuearraycom_582,5
tissuearraycom_583,0
tissuearraycom_584,3
tissuearraycom_585,5
tissuearraycom_586,0
tissuearraycom_587,5
tissuearraycom_588,0
tissuearraycom_589,5
tissuearraycom_59,5
tissuearraycom_590,5
tissuearraycom_591,2
tissuearraycom_592,4
tissuearraycom_593,5
tissuearraycom_594,5
tissuearraycom_595,5
tissuearraycom_596,3
tissuearraycom_597,0
tissuearraycom_598,5
tissuearraycom_599,0
tissuearraycom_6,5
tissuearraycom_60,0
tissuearraycom_600,5
tissuearraycom_601,5
tissuearraycom_602,0
tissuearraycom_603,0
tissuearraycom_604,0
tissuearraycom_605,5
tissuearraycom_606,5
tissuearraycom_607,0
tissuearraycom_608,5
tissuearraycom_609,5
tissuearraycom_61,1
tissuearraycom_610,3
tissuearraycom_611,5
tissuearraycom_612,5
tissuearraycom_613,5
tissuearraycom_614,5
tissuearraycom_615,3
tissuearraycom_616,4
tissuearraycom_617,2
tissuearraycom_618,2
tissuearraycom_619,5
tissuearraycom_62,1
tissuearraycom_620,0
tissuearraycom_621,2
tissuearraycom_622,3
tissuearraycom_623,5
tissuearraycom_624,4
tissuearraycom_625,5
tissuearraycom_626,5
tissuearraycom_627,0
tissuearraycom_628,5
tissuearraycom_629,5
tissuearraycom_63,5
tissuearraycom_630,5
tissuearraycom_631,0
tissuearraycom_632,5
tissuearraycom_633,5
tissuearraycom_634,5
tissuearraycom_635,5
tissuearraycom_636,3
tissuearraycom_637,5
tissuearraycom_638,5
tissuearraycom_639,5
tissuearraycom_64,5
tissuearraycom_640,5
tissuearraycom_641,3
tissuearraycom_642,0
tissuearraycom_643,0
tissuearraycom_644,0
tissuearraycom_645,4
tissuearraycom_646,5
tissuearraycom_647,3
tissuearraycom_648,4
tissuearraycom_649,5
tissuearraycom_65,5
tissuearraycom_650,0
tissuearraycom_651,4
tissuearraycom_652,3
tissuearraycom_653,5
tissuearraycom_654,0
tissuearraycom_655,5
tissuearraycom_656,5
tissuearraycom_657,2
tissuearraycom_658,3
tissuearraycom_659,5
tissuearraycom_66,0
tissuearraycom_660,4
tissuearraycom_661,0
tissuearraycom_662,5
tissuearraycom_663,3
tissuearraycom_664,5
tissuearraycom_665,5
tissuearraycom_666,5
tissuearraycom_667,4
tissuearraycom_668,5
tissuearraycom_669,0
tissuearraycom_67,0
tissuearraycom_670,0
tissuearraycom_671,5
tissuearraycom_672,3
tissuearraycom_673,4
tissuearraycom_674,0
tissuearraycom_675,5
tissuearraycom_676,3
tissuearraycom_677,3
tissuearraycom_678,5
tissuearraycom_679,5
tissuearraycom_68,5
tissuearraycom_680,5
tissuearraycom_681,5
tissuearraycom_682,0
tissuearraycom_683,0
tissuearraycom_684,1
tissuearraycom_685,4
tissuearraycom_686,5
tissuearraycom_687,5
tissuearraycom_688,0
tissuearraycom_689,0
tissuearraycom_69,4
tissuearraycom_690,3
tissuearraycom_691,0
tissuearraycom_692,0
tissuearraycom_693,0
tissuearraycom_694,3
tissuearraycom_695,3
tissuearraycom_696,5
tissuearraycom_697,5
tissuearraycom_698,5
tissuearraycom_699,4
tissuearraycom_7,2
tissuearraycom_70,5
tissuearraycom_700,5
tissuearraycom_701,5
tissuearraycom_702,4
tissuearraycom_703,0
tissuearraycom_704,3
tissuearraycom_705,5
tissuearraycom_706,5
tissuearraycom_707,5
tissuearraycom_708,5
tissuearraycom_709,5
tissuearraycom_71,0
tissuearraycom_710,5
tissuearraycom_711,5
tissuearraycom_712,4
tissuearraycom_713,5
tissuearraycom_714,0
tissuearraycom_715,5
tissuearraycom_716,0
tissuearraycom_717,3
tissuearraycom_718,0
tissuearraycom_719,5
tissuearraycom_72,5
tissuearraycom_720,5
tissuearraycom_721,0
tissuearraycom_722,2
tissuearraycom_723,0
tissuearraycom_724,1
tissuearraycom_725,5
tissuearraycom_726,0
tissuearraycom_727,0
tissuearraycom_728,5
tissuearraycom_729,3
tissuearraycom_73,1
tissuearraycom_730,0
tissuearraycom_731,3
tissuearraycom_732,5
tissuearraycom_733,0
tissuearraycom_734,5
tissuearraycom_735,5
tissuearraycom_736,3
tissuearraycom_737,4
tissuearraycom_738,0
tissuearraycom_739,1
tissuearraycom_74,0
tissuearraycom_740,5
tissuearraycom_741,5
tissuearraycom_742,5
tissuearraycom_743,4
tissuearraycom_744,5
tissuearraycom_745,5
tissuearraycom_746,4
tissuearraycom_747,5
tissuearraycom_748,0
tissuearraycom_749,0
tissuearraycom_75,5
tissuearraycom_750,3
tissuearraycom_751,1
tissuearraycom_752,3
tissuearraycom_753,3
tissuearraycom_754,3
tissuearraycom_755,5
tissuearraycom_756,0
tissuearraycom_757,5
tissuearraycom_758,5
tissuearraycom_759,5
tissuearraycom_76,5
tissuearraycom_760,5
tissuearraycom_761,5
tissuearraycom_762,4
tissuearraycom_763,0
tissuearraycom_764,5
tissuearraycom_765,3
tissuearraycom_766,0
tissuearraycom_767,5
tissuearraycom_768,4
tissuearraycom_769,3
tissuearraycom_77,3
tissuearraycom_770,3
tissuearraycom_771,4
tissuearraycom_772,5
tissuearraycom_773,5
tissuearraycom_774,5
tissuearraycom_775,5
tissuearraycom_776,5
tissuearraycom_777,5
tissuearraycom_778,3
tissuearraycom_779,5
tissuearraycom_78,3
tissuearraycom_780,5
tissuearraycom_781,5
tissuearraycom_782,5
tissuearraycom_783,5
tissuearraycom_784,0
tissuearraycom_785,5
tissuearraycom_786,5
tissuearraycom_787,0
tissuearraycom_788,1
tissuearraycom_789,3
tissuearraycom_79,5
tissuearraycom_790,0
tissuearraycom_791,2
tissuearraycom_792,1
tissuearraycom_793,5
tissuearraycom_794,5
tissuearraycom_795,3
tissuearraycom_796,0
tissuearraycom_797,5
tissuearraycom_798,5
tissuearraycom_799,0
tissuearraycom_8,5
tissuearraycom_80,0
tissuearraycom_800,5
tissuearraycom_801,0
tissuearraycom_802,5
tissuearraycom_803,5
tissuearraycom_804,0
tissuearraycom_805,3
tissuearraycom_806,5
tissuearraycom_807,0
tissuearraycom_808,0
tissuearraycom_809,5
tissuearraycom_81,5
tissuearraycom_810,0
tissuearraycom_811,5
tissuearraycom_812,3
tissuearraycom_813,5
tissuearraycom_814,0
tissuearraycom_815,5
tissuearraycom_816,5
tissuearraycom_817,3
tissuearraycom_818,4
tissuearraycom_819,5
tissuearraycom_82,5
tissuearraycom_820,5
tissuearraycom_821,0
tissuearraycom_822,3
tissuearraycom_823,5
tissuearraycom_824,5
tissuearraycom_825,4
tissuearraycom_826,0
tissuearraycom_827,0
tissuearraycom_828,2
tissuearraycom_829,5
tissuearraycom_83,4
tissuearraycom_830,5
tissuearraycom_831,0
tissuearraycom_832,5
tissuearraycom_833,3
tissuearraycom_834,2
tissuearraycom_835,3
tissuearraycom_836,5
tissuearraycom_837,5
tissuearraycom_838,3
tissuearraycom_839,0
tissuearraycom_84,0
tissuearraycom_840,0
tissuearraycom_841,5
tissuearraycom_842,0
tissuearraycom_843,5
tissuearraycom_844,3
tissuearraycom_845,3
tissuearraycom_846,3
tissuearraycom_847,3
tissuearraycom_848,3
tissuearraycom_849,0
tissuearraycom_85,4
tissuearraycom_850,3
tissuearraycom_851,5
tissuearraycom_852,5
tissuearraycom_853,5
tissuearraycom_854,0
tissuearraycom_855,0
tissuearraycom_856,2
tissuearraycom_857,5
tissuearraycom_858,3
tissuearraycom_859,3
tissuearraycom_86,0
tissuearraycom_860,4
tissuearraycom_861,5
tissuearraycom_862,0
tissuearraycom_863,2
tissuearraycom_864,3
tissuearraycom_865,0
tissuearraycom_866,5
tissuearraycom_867,5
tissuearraycom_868,5
tissuearraycom_869,1
tissuearraycom_87,0
tissuearraycom_870,3
tissuearraycom_871,1
tissuearraycom_872,1
tissuearraycom_873,5
tissuearraycom_874,5
tissuearraycom_875,0
tissuearraycom_876,5
tissuearraycom_877,5
tissuearraycom_878,0
tissuearraycom_879,4
tissuearraycom_88,0
tissuearraycom_880,3
tissuearraycom_881,0
tissuearraycom_882,3
tissuearraycom_883,0
tissuearraycom_884,3
tissuearraycom_885,0
tissuearraycom_886,5
tissuearraycom_887,5
tissuearraycom_888,4
tissuearraycom_889,2
tissuearraycom_89,5
tissuearraycom_890,0
tissuearraycom_891,0
tissuearraycom_892,0
tissuearraycom_893,5
tissuearraycom_894,5
tissuearraycom_895,5
tissuearraycom_896,5
tissuearraycom_897,3
tissuearraycom_898,5
tissuearraycom_899,2
tissuearraycom_9,5
tissuearraycom_90,5
tissuearraycom_900,5
tissuearraycom_901,5
tissuearraycom_902,5
tissuearraycom_903,5
tissuearraycom_904,5
tissuearraycom_905,5
tissuearraycom_906,3
tissuearraycom_907,5
tissuearraycom_908,0
tissuearraycom_909,3
tissuearraycom_91,5
tissuearraycom_910,4
tissuearraycom_911,5
tissuearraycom_912,5
tissuearraycom_913,0
tissuearraycom_914,3
tissuearraycom_915,3
tissuearraycom_916,3
tissuearraycom_917,5
tissuearraycom_918,3
tissuearraycom_919,5
tissuearraycom_92,5
tissuearraycom_920,5
tissuearraycom_921,5
tissuearraycom_922,5
tissuearraycom_923,4
tissuearraycom_924,5
tissuearraycom_925,4
tissuearraycom_926,0
tissuearraycom_927,4
tissuearraycom_928,3
tissuearraycom_929,5
tissuearraycom_93,5
tissuearraycom_930,5
tissuearraycom_931,5
tissuearraycom_932,5
tissuearraycom_933,3
tissuearraycom_934,0
tissuearraycom_935,5
tissuearraycom_936,5
tissuearraycom_937,2
tissuearraycom_938,3
tissuearraycom_939,5
tissuearraycom_94,4
tissuearraycom_940,0
tissuearraycom_941,5
tissuearraycom_942,5
tissuearraycom_943,3
tissuearraycom_944,3
tissuearraycom_945,0
tissuearraycom_946,5
tissuearraycom_947,3
tissuearraycom_948,3
tissuearraycom_949,4
tissuearraycom_95,5
tissuearraycom_950,0
tissuearraycom_951,0
tissuearraycom_952,0
tissuearraycom_953,4
tissuearraycom_954,5
tissuearraycom_955,0
tissuearraycom_956,5
tissuearraycom_957,5
tissuearraycom_958,0
tissuearraycom_959,0
tissuearraycom_96,5
tissuearraycom_960,5
tissuearraycom_961,5
tissuearraycom_962,3
tissuearraycom_963,5
tissuearraycom_964,1
tissuearraycom_965,5
tissuearraycom_966,5
tissuearraycom_967,5
tissuearraycom_968,5
tissuearraycom_969,5
tissuearraycom_97,5
tissuearraycom_970,3
tissuearraycom_971,5
tissuearraycom_972,3
tissuearraycom_973,0
tissuearraycom_974,5
tissuearraycom_975,5
tissuearraycom_976,5
tissuearraycom_977,2
tissuearraycom_978,3
tissuearraycom_979,5
tissuearraycom_98,4
tissuearraycom_980,1
tissuearraycom_981,5
tissuearraycom_982,5
tissuearraycom_983,5
tissuearraycom_984,5
tissuearraycom_985,0
tissuearraycom_986,0
tissuearraycom_987,5
tissuearraycom_988,5
tissuearraycom_989,1
tissuearraycom_99,0
tissuearraycom_990,3
tissuearraycom_991,5
tissuearraycom_992,5
tissuearraycom_993,0
tissuearraycom_994,2
tissuearraycom_995,0
tissuearraycom_996,5
tissuearraycom_997,0
tissuearraycom_998,5
tissuearraycom_999,3
usbiolabcom_0,2
usbiolabcom_1,0
usbiolabcom_10,4
usbiolabcom_100,2
usbiolabcom_101,4
usbiolabcom_102,4
usbiolabcom_103,3
usbiolabcom_104,5
usbiolabcom_105,5
usbiolabcom_106,5
usbiolabcom_107,3
usbiolabcom_108,0
usbiolabcom_109,0
usbiolabcom_11,5
usbiolabcom_110,0
usbiolabcom_111,4
usbiolabcom_112,5
usbiolabcom_113,5
usbiolabcom_114,4
usbiolabcom_115,5
usbiolabcom_116,5
usbiolabcom_117,5
usbiolabcom_118,3
usbiolabcom_119,0
usbiolabcom_12,0
usbiolabcom_120,3
usbiolabcom_121,5
usbiolabcom_122,0
usbiolabcom_123,2
usbiolabcom_124,3
usbiolabcom_125,5
usbiolabcom_126,3
usbiolabcom_127,5
usbiolabcom_128,4
usbiolabcom_129,4
usbiolabcom_13,3
usbiolabcom_130,5
usbiolabcom_131,2
usbiolabcom_132,0
usbiolabcom_133,0
usbiolabcom_134,1
usbiolabcom_135,4
usbiolabcom_136,0
usbiolabcom_137,5
usbiolabcom_138,2
usbiolabcom_139,4
usbiolabcom_14,5
usbiolabcom_140,3
usbiolabcom_141,0
usbiolabcom_142,5
usbiolabcom_143,3
usbiolabcom_144,2
usbiolabcom_145,3
usbiolabcom_146,2
usbiolabcom_147,4
usbiolabcom_148,0
usbiolabcom_149,3
usbiolabcom_15,2
usbiolabcom_150,3
usbiolabcom_151,0
usbiolabcom_152,0
usbiolabcom_153,2
usbiolabcom_154,0
usbiolabcom_155,5
usbiolabcom_156,3
usbiolabcom_157,4
usbiolabcom_158,3
usbiolabcom_159,4
usbiolabcom_16,4
usbiolabcom_160,3
usbiolabcom_161,2
usbiolabcom_162,3
usbiolabcom_163,0
usbiolabcom_164,5
usbiolabcom_165,0
usbiolabcom_166,3
usbiolabcom_167,4
usbiolabcom_168,0
usbiolabcom_169,1
usbiolabcom_17,4
usbiolabcom_170,0
usbiolabcom_171,5
usbiolabcom_172,3
usbiolabcom_173,5
usbiolabcom_174,2
usbiolabcom_175,5
usbiolabcom_176,3
usbiolabcom_177,5
usbiolabcom_178,1
usbiolabcom_179,2
usbiolabcom_18,2
usbiolabcom_180,1
usbiolabcom_181,0
usbiolabcom_182,0
usbiolabcom_183,5
usbiolabcom_184,2
usbiolabcom_185,5
usbiolabcom_186,4
usbiolabcom_187,5
usbiolabcom_188,3
usbiolabcom_189,5
usbiolabcom_19,3
usbiolabcom_190,3
usbiolabcom_191,0
usbiolabcom_192,3
usbiolabcom_193,2
usbiolabcom_194,4
usbiolabcom_195,3
usbiolabcom_196,1
usbiolabcom_197,1
usbiolabcom_198,5
usbiolabcom_199,2
usbiolabcom_2,1
usbiolabcom_20,5
usbiolabcom_200,3
usbiolabcom_201,0
usbiolabcom_202,3
usbiolabcom_203,0
usbiolabcom_204,3
usbiolabcom_205,0
usbiolabcom_206,4
usbiolabcom_207,3
usbiolabcom_208,0
usbiolabcom_209,3
usbiolabcom_21,3
usbiolabcom_210,4
usbiolabcom_211,5
usbiolabcom_212,4
usbiolabcom_213,3
usbiolabcom_214,3
usbiolabcom_215,1
usbiolabcom_216,0
usbiolabcom_217,4
usbiolabcom_218,1
usbiolabcom_219,4
usbiolabcom_22,3
usbiolabcom_220,5
usbiolabcom_221,1
usbiolabcom_222,5
usbiolabcom_223,5
usbiolabcom_224,5
usbiolabcom_225,4
usbiolabcom_226,4
usbiolabcom_227,0
usbiolabcom_228,0
usbiolabcom_229,3
usbiolabcom_23,5
usbiolabcom_230,2
usbiolabcom_231,4
usbiolabcom_232,3
usbiolabcom_233,2
usbiolabcom_234,5
usbiolabcom_235,5
usbiolabcom_236,4
usbiolabcom_237,4
usbiolabcom_238,5
usbiolabcom_239,4
usbiolabcom_24,3
usbiolabcom_240,0
usbiolabcom_241,4
usbiolabcom_242,0
usbiolabcom_243,0
usbiolabcom_244,5
usbiolabcom_245,4
usbiolabcom_246,5
usbiolabcom_247,5
usbiolabcom_248,1
usbiolabcom_249,3
usbiolabcom_25,0
usbiolabcom_250,3
usbiolabcom_251,3
usbiolabcom_252,3
usbiolabcom_253,5
usbiolabcom_254,4
usbiolabcom_255,1
usbiolabcom_256,5
usbiolabcom_257,5
usbiolabcom_258,4
usbiolabcom_259,5
usbiolabcom_26,1
usbiolabcom_260,3
usbiolabcom_261,3
usbiolabcom_262,3
usbiolabcom_263,3
usbiolabcom_264,0
usbiolabcom_265,3
usbiolabcom_266,4
usbiolabcom_267,4
usbiolabcom_268,2
usbiolabcom_269,0
usbiolabcom_27,0
usbiolabcom_270,0
usbiolabcom_271,4
usbiolabcom_272,3
usbiolabcom_273,0
usbiolabcom_274,3
usbiolabcom_275,3
usbiolabcom_276,3
usbiolabcom_277,3
usbiolabcom_278,0
usbiolabcom_279,4
usbiolabcom_28,3
usbiolabcom_280,0
usbiolabcom_281,0
usbiolabcom_282,4
usbiolabcom_283,4
usbiolabcom_284,3
usbiolabcom_285,5
usbiolabcom_286,3
usbiolabcom_287,0
usbiolabcom_288,3
usbiolabcom_289,3
usbiolabcom_29,0
usbiolabcom_290,1
usbiolabcom_291,0
usbiolabcom_292,4
usbiolabcom_293,4
usbiolabcom_294,0
usbiolabcom_295,3
usbiolabcom_296,5
usbiolabcom_297,5
usbiolabcom_298,4
usbiolabcom_299,4
usbiolabcom_3,1
usbiolabcom_30,0
usbiolabcom_300,3
usbiolabcom_301,4
usbiolabcom_302,3
usbiolabcom_303,3
usbiolabcom_304,5
usbiolabcom_305,0
usbiolabcom_306,0
usbiolabcom_307,4
usbiolabcom_308,0
usbiolabcom_309,5
usbiolabcom_31,4
usbiolabcom_310,3
usbiolabcom_311,3
usbiolabcom_312,5
usbiolabcom_313,0
usbiolabcom_314,1
usbiolabcom_315,5
usbiolabcom_316,5
usbiolabcom_317,5
usbiolabcom_318,3
usbiolabcom_319,0
usbiolabcom_32,1
usbiolabcom_320,3
usbiolabcom_321,5
usbiolabcom_322,4
usbiolabcom_323,5
usbiolabcom_324,5
usbiolabcom_325,1
usbiolabcom_326,5
usbiolabcom_327,5
usbiolabcom_328,1
usbiolabcom_329,4
usbiolabcom_33,2
usbiolabcom_330,0
usbiolabcom_331,4
usbiolabcom_332,5
usbiolabcom_333,5
usbiolabcom_334,5
usbiolabcom_335,0
usbiolabcom_336,3
usbiolabcom_337,5
usbiolabcom_338,2
usbiolabcom_339,3
usbiolabcom_34,4
usbiolabcom_340,2
usbiolabcom_341,4
usbiolabcom_342,4
usbiolabcom_343,3
usbiolabcom_344,0
usbiolabcom_345,5
usbiolabcom_346,4
usbiolabcom_347,5
usbiolabcom_348,2
usbiolabcom_349,0
usbiolabcom_35,3
usbiolabcom_350,3
usbiolabcom_351,0
usbiolabcom_352,5
usbiolabcom_353,5
usbiolabcom_354,3
usbiolabcom_355,0
usbiolabcom_356,3
usbiolabcom_357,5
usbiolabcom_358,3
usbiolabcom_359,2
usbiolabcom_36,4
usbiolabcom_360,0
usbiolabcom_361,5
usbiolabcom_362,2
usbiolabcom_363,5
usbiolabcom_364,4
usbiolabcom_365,5
usbiolabcom_366,0
usbiolabcom_367,0
usbiolabcom_368,3
usbiolabcom_369,3
usbiolabcom_37,1
usbiolabcom_370,3
usbiolabcom_371,3
usbiolabcom_372,5
usbiolabcom_373,1
usbiolabcom_374,3
usbiolabcom_375,5
usbiolabcom_376,5
usbiolabcom_377,0
usbiolabcom_378,5
usbiolabcom_379,2
usbiolabcom_38,2
usbiolabcom_380,0
usbiolabcom_381,4
usbiolabcom_382,3
usbiolabcom_383,3
usbiolabcom_384,5
usbiolabcom_385,2
usbiolabcom_386,5
usbiolabcom_387,0
usbiolabcom_388,3
usbiolabcom_389,4
usbiolabcom_39,3
usbiolabcom_390,5
usbiolabcom_391,3
usbiolabcom_392,4
usbiolabcom_393,0
usbiolabcom_394,0
usbiolabcom_395,5
usbiolabcom_396,5
usbiolabcom_397,5
usbiolabcom_398,4
usbiolabcom_399,5
usbiolabcom_4,0
usbiolabcom_40,3
usbiolabcom_400,5
usbiolabcom_401,4
usbiolabcom_402,4
usbiolabcom_403,3
usbiolabcom_404,0
usbiolabcom_405,0
usbiolabcom_406,2
usbiolabcom_407,2
usbiolabcom_408,4
usbiolabcom_409,3
usbiolabcom_41,4
usbiolabcom_410,3
usbiolabcom_411,2
usbiolabcom_412,0
usbiolabcom_413,0
usbiolabcom_414,5
usbiolabcom_415,2
usbiolabcom_416,2
usbiolabcom_417,2
usbiolabcom_418,4
usbiolabcom_419,4
usbiolabcom_42,3
usbiolabcom_420,3
usbiolabcom_421,5
usbiolabcom_422,1
usbiolabcom_423,0
usbiolabcom_424,5
usbiolabcom_425,5
usbiolabcom_426,3
usbiolabcom_427,5
usbiolabcom_428,3
usbiolabcom_429,0
usbiolabcom_43,3
usbiolabcom_430,3
usbiolabcom_431,3
usbiolabcom_432,5
usbiolabcom_433,5
usbiolabcom_434,0
usbiolabcom_435,3
usbiolabcom_436,0
usbiolabcom_437,0
usbiolabcom_438,5
usbiolabcom_439,5
usbiolabcom_44,5
usbiolabcom_45,2
usbiolabcom_46,0
usbiolabcom_47,0
usbiolabcom_48,5
usbiolabcom_49,5
usbiolabcom_5,5
usbiolabcom_50,4
usbiolabcom_51,0
usbiolabcom_52,5
usbiolabcom_53,0
usbiolabcom_54,3
usbiolabcom_55,5
usbiolabcom_56,2
usbiolabcom_57,0
usbiolabcom_58,5
usbiolabcom_59,5
usbiolabcom_6,3
usbiolabcom_60,0
usbiolabcom_61,0
usbiolabcom_62,5
usbiolabcom_63,0
usbiolabcom_64,2
usbiolabcom_65,2
usbiolabcom_66,4
usbiolabcom_67,2
usbiolabcom_68,3
usbiolabcom_69,5
usbiolabcom_7,3
usbiolabcom_70,0
usbiolabcom_71,5
usbiolabcom_72,1
usbiolabcom_73,0
usbiolabcom_74,2
usbiolabcom_75,4
usbiolabcom_76,2
usbiolabcom_77,4
usbiolabcom_78,4
usbiolabcom_79,3
usbiolabcom_8,0
usbiolabcom_80,3
usbiolabcom_81,5
usbiolabcom_82,3
usbiolabcom_83,3
usbiolabcom_84,2
usbiolabcom_85,4
usbiolabcom_86,0
usbiolabcom_87,0
usbiolabcom_88,5
usbiolabcom_89,5
usbiolabcom_9,0
usbiolabcom_90,5
usbiolabcom_91,5
usbiolabcom_92,2
usbiolabcom_93,3
usbiolabcom_94,4
usbiolabcom_95,3
usbiolabcom_96,4
usbiolabcom_97,1
usbiolabcom_98,2
usbiolabcom_99,0
