image_id,label,image_width,image_height,image_type,organ,cancer_subtype,dataset,image_path
human_protein_atlas_0,EC,2538,2599,tma,ovary,,human_protein_atlas,/home/gunes/Desktop/Kaggle/ubc-ovarian-cancer-subtype-classification-and-outlier-detection/data/model_datasets/human_protein_atlas/images/0.png
human_protein_atlas_1,EC,2535,2580,tma,ovary,,human_protein_atlas,/home/gunes/Desktop/Kaggle/ubc-ovarian-cancer-subtype-classification-and-outlier-detection/data/model_datasets/human_protein_atlas/images/1.png
human_protein_atlas_2,EC,2041,2146,tma,ovary,,human_protein_atlas,/home/gunes/Desktop/Kaggle/ubc-ovarian-cancer-subtype-classification-and-outlier-detection/data/model_datasets/human_protein_atlas/images/2.png
human_protein_atlas_3,MC,2899,2904,tma,ovary,,human_protein_atlas,/home/gunes/Desktop/Kaggle/ubc-ovarian-cancer-subtype-classification-and-outlier-detection/data/model_datasets/human_protein_atlas/images/3.png
human_protein_atlas_4,EC,2296,2483,tma,ovary,,human_protein_atlas,/home/gunes/Desktop/Kaggle/ubc-ovarian-cancer-subtype-classification-and-outlier-detection/data/model_datasets/human_protein_atlas/images/4.png
human_protein_atlas_5,HGSC,2388,2551,tma,ovary,,human_protein_atlas,/home/gunes/Desktop/Kaggle/ubc-ovarian-cancer-subtype-classification-and-outlier-detection/data/model_datasets/human_protein_atlas/images/5.png
human_protein_atlas_6,HGSC,2113,2464,tma,ovary,,human_protein_atlas,/home/gunes/Desktop/Kaggle/ubc-ovarian-cancer-subtype-classification-and-outlier-detection/data/model_datasets/human_protein_atlas/images/6.png
human_protein_atlas_7,EC,2553,2568,tma,ovary,,human_protein_atlas,/home/gunes/Desktop/Kaggle/ubc-ovarian-cancer-subtype-classification-and-outlier-detection/data/model_datasets/human_protein_atlas/images/7.png
human_protein_atlas_8,EC,1969,1928,tma,ovary,,human_protein_atlas,/home/gunes/Desktop/Kaggle/ubc-ovarian-cancer-subtype-classification-and-outlier-detection/data/model_datasets/human_protein_atlas/images/8.png
human_protein_atlas_9,MC,2371,2417,tma,ovary,,human_protein_atlas,/home/gunes/Desktop/Kaggle/ubc-ovarian-cancer-subtype-classification-and-outlier-detection/data/model_datasets/human_protein_atlas/images/9.png
human_protein_atlas_10,EC,2320,2261,tma,ovary,,human_protein_atlas,/home/gunes/Desktop/Kaggle/ubc-ovarian-cancer-subtype-classification-and-outlier-detection/data/model_datasets/human_protein_atlas/images/10.png
human_protein_atlas_11,EC,2306,2548,tma,ovary,,human_protein_atlas,/home/gunes/Desktop/Kaggle/ubc-ovarian-cancer-subtype-classification-and-outlier-detection/data/model_datasets/human_protein_atlas/images/11.png
human_protein_atlas_12,MC,2501,2516,tma,ovary,,human_protein_atlas,/home/gunes/Desktop/Kaggle/ubc-ovarian-cancer-subtype-classification-and-outlier-detection/data/model_datasets/human_protein_atlas/images/12.png
human_protein_atlas_13,EC,2280,2266,tma,ovary,,human_protein_atlas,/home/gunes/Desktop/Kaggle/ubc-ovarian-cancer-subtype-classification-and-outlier-detection/data/model_datasets/human_protein_atlas/images/13.png
human_protein_atlas_14,EC,2996,2931,tma,ovary,,human_protein_atlas,/home/gunes/Desktop/Kaggle/ubc-ovarian-cancer-subtype-classification-and-outlier-detection/data/model_datasets/human_protein_atlas/images/14.png
human_protein_atlas_15,EC,2339,2275,tma,ovary,,human_protein_atlas,/home/gunes/Desktop/Kaggle/ubc-ovarian-cancer-subtype-classification-and-outlier-detection/data/model_datasets/human_protein_atlas/images/15.png
human_protein_atlas_16,LGSC,2736,2785,tma,ovary,,human_protein_atlas,/home/gunes/Desktop/Kaggle/ubc-ovarian-cancer-subtype-classification-and-outlier-detection/data/model_datasets/human_protein_atlas/images/16.png
human_protein_atlas_17,MC,2603,2779,tma,ovary,,human_protein_atlas,/home/gunes/Desktop/Kaggle/ubc-ovarian-cancer-subtype-classification-and-outlier-detection/data/model_datasets/human_protein_atlas/images/17.png
human_protein_atlas_18,EC,2415,2441,tma,ovary,,human_protein_atlas,/home/gunes/Desktop/Kaggle/ubc-ovarian-cancer-subtype-classification-and-outlier-detection/data/model_datasets/human_protein_atlas/images/18.png
human_protein_atlas_19,EC,2732,2830,tma,ovary,,human_protein_atlas,/home/gunes/Desktop/Kaggle/ubc-ovarian-cancer-subtype-classification-and-outlier-detection/data/model_datasets/human_protein_atlas/images/19.png
human_protein_atlas_20,EC,2514,2606,tma,ovary,,human_protein_atlas,/home/gunes/Desktop/Kaggle/ubc-ovarian-cancer-subtype-classification-and-outlier-detection/data/model_datasets/human_protein_atlas/images/20.png
human_protein_atlas_21,EC,2473,2454,tma,ovary,,human_protein_atlas,/home/gunes/Desktop/Kaggle/ubc-ovarian-cancer-subtype-classification-and-outlier-detection/data/model_datasets/human_protein_atlas/images/21.png
human_protein_atlas_22,LGSC,2270,2322,tma,ovary,,human_protein_atlas,/home/gunes/Desktop/Kaggle/ubc-ovarian-cancer-subtype-classification-and-outlier-detection/data/model_datasets/human_protein_atlas/images/22.png
human_protein_atlas_23,MC,2469,2876,tma,ovary,,human_protein_atlas,/home/gunes/Desktop/Kaggle/ubc-ovarian-cancer-subtype-classification-and-outlier-detection/data/model_datasets/human_protein_atlas/images/23.png
human_protein_atlas_24,EC,2475,2482,tma,ovary,,human_protein_atlas,/home/gunes/Desktop/Kaggle/ubc-ovarian-cancer-subtype-classification-and-outlier-detection/data/model_datasets/human_protein_atlas/images/24.png
human_protein_atlas_25,MC,2892,2800,tma,ovary,,human_protein_atlas,/home/gunes/Desktop/Kaggle/ubc-ovarian-cancer-subtype-classification-and-outlier-detection/data/model_datasets/human_protein_atlas/images/25.png
human_protein_atlas_26,EC,2359,2474,tma,ovary,,human_protein_atlas,/home/gunes/Desktop/Kaggle/ubc-ovarian-cancer-subtype-classification-and-outlier-detection/data/model_datasets/human_protein_atlas/images/26.png
human_protein_atlas_27,MC,2251,2346,tma,ovary,,human_protein_atlas,/home/gunes/Desktop/Kaggle/ubc-ovarian-cancer-subtype-classification-and-outlier-detection/data/model_datasets/human_protein_atlas/images/27.png
human_protein_atlas_28,HGSC,2273,2307,tma,ovary,,human_protein_atlas,/home/gunes/Desktop/Kaggle/ubc-ovarian-cancer-subtype-classification-and-outlier-detection/data/model_datasets/human_protein_atlas/images/28.png
human_protein_atlas_29,MC,2307,2566,tma,ovary,,human_protein_atlas,/home/gunes/Desktop/Kaggle/ubc-ovarian-cancer-subtype-classification-and-outlier-detection/data/model_datasets/human_protein_atlas/images/29.png
human_protein_atlas_30,EC,2276,2342,tma,ovary,,human_protein_atlas,/home/gunes/Desktop/Kaggle/ubc-ovarian-cancer-subtype-classification-and-outlier-detection/data/model_datasets/human_protein_atlas/images/30.png
human_protein_atlas_31,MC,2399,2410,tma,ovary,,human_protein_atlas,/home/gunes/Desktop/Kaggle/ubc-ovarian-cancer-subtype-classification-and-outlier-detection/data/model_datasets/human_protein_atlas/images/31.png
human_protein_atlas_32,EC,2337,2525,tma,ovary,,human_protein_atlas,/home/gunes/Desktop/Kaggle/ubc-ovarian-cancer-subtype-classification-and-outlier-detection/data/model_datasets/human_protein_atlas/images/32.png
human_protein_atlas_33,MC,3000,3000,tma,ovary,,human_protein_atlas,/home/gunes/Desktop/Kaggle/ubc-ovarian-cancer-subtype-classification-and-outlier-detection/data/model_datasets/human_protein_atlas/images/33.png
human_protein_atlas_34,EC,2391,2549,tma,ovary,,human_protein_atlas,/home/gunes/Desktop/Kaggle/ubc-ovarian-cancer-subtype-classification-and-outlier-detection/data/model_datasets/human_protein_atlas/images/34.png
human_protein_atlas_35,MC,2790,2727,tma,ovary,,human_protein_atlas,/home/gunes/Desktop/Kaggle/ubc-ovarian-cancer-subtype-classification-and-outlier-detection/data/model_datasets/human_protein_atlas/images/35.png
human_protein_atlas_36,HGSC,2455,2695,tma,ovary,,human_protein_atlas,/home/gunes/Desktop/Kaggle/ubc-ovarian-cancer-subtype-classification-and-outlier-detection/data/model_datasets/human_protein_atlas/images/36.png
human_protein_atlas_37,MC,2182,2620,tma,ovary,,human_protein_atlas,/home/gunes/Desktop/Kaggle/ubc-ovarian-cancer-subtype-classification-and-outlier-detection/data/model_datasets/human_protein_atlas/images/37.png
human_protein_atlas_38,EC,2454,2589,tma,ovary,,human_protein_atlas,/home/gunes/Desktop/Kaggle/ubc-ovarian-cancer-subtype-classification-and-outlier-detection/data/model_datasets/human_protein_atlas/images/38.png
human_protein_atlas_39,EC,1766,2376,tma,ovary,,human_protein_atlas,/home/gunes/Desktop/Kaggle/ubc-ovarian-cancer-subtype-classification-and-outlier-detection/data/model_datasets/human_protein_atlas/images/39.png
human_protein_atlas_40,LGSC,2257,2345,tma,ovary,,human_protein_atlas,/home/gunes/Desktop/Kaggle/ubc-ovarian-cancer-subtype-classification-and-outlier-detection/data/model_datasets/human_protein_atlas/images/40.png
human_protein_atlas_41,MC,2922,3000,tma,ovary,,human_protein_atlas,/home/gunes/Desktop/Kaggle/ubc-ovarian-cancer-subtype-classification-and-outlier-detection/data/model_datasets/human_protein_atlas/images/41.png
human_protein_atlas_42,MC,2774,2643,tma,ovary,,human_protein_atlas,/home/gunes/Desktop/Kaggle/ubc-ovarian-cancer-subtype-classification-and-outlier-detection/data/model_datasets/human_protein_atlas/images/42.png
human_protein_atlas_43,MC,2406,2818,tma,ovary,,human_protein_atlas,/home/gunes/Desktop/Kaggle/ubc-ovarian-cancer-subtype-classification-and-outlier-detection/data/model_datasets/human_protein_atlas/images/43.png
human_protein_atlas_44,EC,2182,2266,tma,ovary,,human_protein_atlas,/home/gunes/Desktop/Kaggle/ubc-ovarian-cancer-subtype-classification-and-outlier-detection/data/model_datasets/human_protein_atlas/images/44.png
human_protein_atlas_45,MC,1982,2353,tma,ovary,,human_protein_atlas,/home/gunes/Desktop/Kaggle/ubc-ovarian-cancer-subtype-classification-and-outlier-detection/data/model_datasets/human_protein_atlas/images/45.png
human_protein_atlas_46,MC,2358,2638,tma,ovary,,human_protein_atlas,/home/gunes/Desktop/Kaggle/ubc-ovarian-cancer-subtype-classification-and-outlier-detection/data/model_datasets/human_protein_atlas/images/46.png
human_protein_atlas_47,MC,2545,2496,tma,ovary,,human_protein_atlas,/home/gunes/Desktop/Kaggle/ubc-ovarian-cancer-subtype-classification-and-outlier-detection/data/model_datasets/human_protein_atlas/images/47.png
human_protein_atlas_48,LGSC,2401,2449,tma,ovary,,human_protein_atlas,/home/gunes/Desktop/Kaggle/ubc-ovarian-cancer-subtype-classification-and-outlier-detection/data/model_datasets/human_protein_atlas/images/48.png
human_protein_atlas_49,MC,2154,2480,tma,ovary,,human_protein_atlas,/home/gunes/Desktop/Kaggle/ubc-ovarian-cancer-subtype-classification-and-outlier-detection/data/model_datasets/human_protein_atlas/images/49.png
human_protein_atlas_50,EC,2379,2506,tma,ovary,,human_protein_atlas,/home/gunes/Desktop/Kaggle/ubc-ovarian-cancer-subtype-classification-and-outlier-detection/data/model_datasets/human_protein_atlas/images/50.png
human_protein_atlas_51,EC,2495,2485,tma,ovary,,human_protein_atlas,/home/gunes/Desktop/Kaggle/ubc-ovarian-cancer-subtype-classification-and-outlier-detection/data/model_datasets/human_protein_atlas/images/51.png
human_protein_atlas_52,MC,2313,2159,tma,ovary,,human_protein_atlas,/home/gunes/Desktop/Kaggle/ubc-ovarian-cancer-subtype-classification-and-outlier-detection/data/model_datasets/human_protein_atlas/images/52.png
human_protein_atlas_53,MC,2417,2561,tma,ovary,,human_protein_atlas,/home/gunes/Desktop/Kaggle/ubc-ovarian-cancer-subtype-classification-and-outlier-detection/data/model_datasets/human_protein_atlas/images/53.png
human_protein_atlas_54,MC,2550,2708,tma,ovary,,human_protein_atlas,/home/gunes/Desktop/Kaggle/ubc-ovarian-cancer-subtype-classification-and-outlier-detection/data/model_datasets/human_protein_atlas/images/54.png
human_protein_atlas_55,EC,2624,2682,tma,ovary,,human_protein_atlas,/home/gunes/Desktop/Kaggle/ubc-ovarian-cancer-subtype-classification-and-outlier-detection/data/model_datasets/human_protein_atlas/images/55.png
human_protein_atlas_56,EC,2354,2288,tma,ovary,,human_protein_atlas,/home/gunes/Desktop/Kaggle/ubc-ovarian-cancer-subtype-classification-and-outlier-detection/data/model_datasets/human_protein_atlas/images/56.png
human_protein_atlas_57,MC,2373,2459,tma,ovary,,human_protein_atlas,/home/gunes/Desktop/Kaggle/ubc-ovarian-cancer-subtype-classification-and-outlier-detection/data/model_datasets/human_protein_atlas/images/57.png
human_protein_atlas_58,EC,2176,2235,tma,ovary,,human_protein_atlas,/home/gunes/Desktop/Kaggle/ubc-ovarian-cancer-subtype-classification-and-outlier-detection/data/model_datasets/human_protein_atlas/images/58.png
human_protein_atlas_59,EC,2306,2320,tma,ovary,,human_protein_atlas,/home/gunes/Desktop/Kaggle/ubc-ovarian-cancer-subtype-classification-and-outlier-detection/data/model_datasets/human_protein_atlas/images/59.png
human_protein_atlas_60,EC,2112,2349,tma,ovary,,human_protein_atlas,/home/gunes/Desktop/Kaggle/ubc-ovarian-cancer-subtype-classification-and-outlier-detection/data/model_datasets/human_protein_atlas/images/60.png
human_protein_atlas_61,EC,2448,2461,tma,ovary,,human_protein_atlas,/home/gunes/Desktop/Kaggle/ubc-ovarian-cancer-subtype-classification-and-outlier-detection/data/model_datasets/human_protein_atlas/images/61.png
human_protein_atlas_62,MC,2447,2378,tma,ovary,,human_protein_atlas,/home/gunes/Desktop/Kaggle/ubc-ovarian-cancer-subtype-classification-and-outlier-detection/data/model_datasets/human_protein_atlas/images/62.png
human_protein_atlas_63,EC,2259,2347,tma,ovary,,human_protein_atlas,/home/gunes/Desktop/Kaggle/ubc-ovarian-cancer-subtype-classification-and-outlier-detection/data/model_datasets/human_protein_atlas/images/63.png
human_protein_atlas_64,MC,2004,2087,tma,ovary,,human_protein_atlas,/home/gunes/Desktop/Kaggle/ubc-ovarian-cancer-subtype-classification-and-outlier-detection/data/model_datasets/human_protein_atlas/images/64.png
human_protein_atlas_65,MC,1913,1479,tma,ovary,,human_protein_atlas,/home/gunes/Desktop/Kaggle/ubc-ovarian-cancer-subtype-classification-and-outlier-detection/data/model_datasets/human_protein_atlas/images/65.png
human_protein_atlas_66,LGSC,2598,2690,tma,ovary,,human_protein_atlas,/home/gunes/Desktop/Kaggle/ubc-ovarian-cancer-subtype-classification-and-outlier-detection/data/model_datasets/human_protein_atlas/images/66.png
human_protein_atlas_67,MC,2355,2613,tma,ovary,,human_protein_atlas,/home/gunes/Desktop/Kaggle/ubc-ovarian-cancer-subtype-classification-and-outlier-detection/data/model_datasets/human_protein_atlas/images/67.png
human_protein_atlas_68,MC,2469,2410,tma,ovary,,human_protein_atlas,/home/gunes/Desktop/Kaggle/ubc-ovarian-cancer-subtype-classification-and-outlier-detection/data/model_datasets/human_protein_atlas/images/68.png
human_protein_atlas_69,EC,1646,2435,tma,ovary,,human_protein_atlas,/home/gunes/Desktop/Kaggle/ubc-ovarian-cancer-subtype-classification-and-outlier-detection/data/model_datasets/human_protein_atlas/images/69.png
human_protein_atlas_70,EC,2459,2444,tma,ovary,,human_protein_atlas,/home/gunes/Desktop/Kaggle/ubc-ovarian-cancer-subtype-classification-and-outlier-detection/data/model_datasets/human_protein_atlas/images/70.png
human_protein_atlas_71,LGSC,2582,2632,tma,ovary,,human_protein_atlas,/home/gunes/Desktop/Kaggle/ubc-ovarian-cancer-subtype-classification-and-outlier-detection/data/model_datasets/human_protein_atlas/images/71.png
human_protein_atlas_72,EC,2505,2484,tma,ovary,,human_protein_atlas,/home/gunes/Desktop/Kaggle/ubc-ovarian-cancer-subtype-classification-and-outlier-detection/data/model_datasets/human_protein_atlas/images/72.png
human_protein_atlas_73,EC,1447,1249,tma,ovary,,human_protein_atlas,/home/gunes/Desktop/Kaggle/ubc-ovarian-cancer-subtype-classification-and-outlier-detection/data/model_datasets/human_protein_atlas/images/73.png
human_protein_atlas_74,MC,2274,2375,tma,ovary,,human_protein_atlas,/home/gunes/Desktop/Kaggle/ubc-ovarian-cancer-subtype-classification-and-outlier-detection/data/model_datasets/human_protein_atlas/images/74.png
human_protein_atlas_75,EC,2244,2507,tma,ovary,,human_protein_atlas,/home/gunes/Desktop/Kaggle/ubc-ovarian-cancer-subtype-classification-and-outlier-detection/data/model_datasets/human_protein_atlas/images/75.png
human_protein_atlas_76,LGSC,2170,2157,tma,ovary,,human_protein_atlas,/home/gunes/Desktop/Kaggle/ubc-ovarian-cancer-subtype-classification-and-outlier-detection/data/model_datasets/human_protein_atlas/images/76.png
human_protein_atlas_77,LGSC,2193,2386,tma,ovary,,human_protein_atlas,/home/gunes/Desktop/Kaggle/ubc-ovarian-cancer-subtype-classification-and-outlier-detection/data/model_datasets/human_protein_atlas/images/77.png
human_protein_atlas_78,LGSC,3000,2953,tma,ovary,,human_protein_atlas,/home/gunes/Desktop/Kaggle/ubc-ovarian-cancer-subtype-classification-and-outlier-detection/data/model_datasets/human_protein_atlas/images/78.png
human_protein_atlas_79,EC,2027,2202,tma,ovary,,human_protein_atlas,/home/gunes/Desktop/Kaggle/ubc-ovarian-cancer-subtype-classification-and-outlier-detection/data/model_datasets/human_protein_atlas/images/79.png
human_protein_atlas_80,EC,2547,2651,tma,ovary,,human_protein_atlas,/home/gunes/Desktop/Kaggle/ubc-ovarian-cancer-subtype-classification-and-outlier-detection/data/model_datasets/human_protein_atlas/images/80.png
human_protein_atlas_81,MC,2701,2810,tma,ovary,,human_protein_atlas,/home/gunes/Desktop/Kaggle/ubc-ovarian-cancer-subtype-classification-and-outlier-detection/data/model_datasets/human_protein_atlas/images/81.png
human_protein_atlas_82,EC,2336,2436,tma,ovary,,human_protein_atlas,/home/gunes/Desktop/Kaggle/ubc-ovarian-cancer-subtype-classification-and-outlier-detection/data/model_datasets/human_protein_atlas/images/82.png
human_protein_atlas_83,EC,2005,2473,tma,ovary,,human_protein_atlas,/home/gunes/Desktop/Kaggle/ubc-ovarian-cancer-subtype-classification-and-outlier-detection/data/model_datasets/human_protein_atlas/images/83.png
human_protein_atlas_84,EC,2467,2522,tma,ovary,,human_protein_atlas,/home/gunes/Desktop/Kaggle/ubc-ovarian-cancer-subtype-classification-and-outlier-detection/data/model_datasets/human_protein_atlas/images/84.png
human_protein_atlas_85,MC,2827,2732,tma,ovary,,human_protein_atlas,/home/gunes/Desktop/Kaggle/ubc-ovarian-cancer-subtype-classification-and-outlier-detection/data/model_datasets/human_protein_atlas/images/85.png
human_protein_atlas_86,MC,2483,2608,tma,ovary,,human_protein_atlas,/home/gunes/Desktop/Kaggle/ubc-ovarian-cancer-subtype-classification-and-outlier-detection/data/model_datasets/human_protein_atlas/images/86.png
human_protein_atlas_87,EC,2401,2511,tma,ovary,,human_protein_atlas,/home/gunes/Desktop/Kaggle/ubc-ovarian-cancer-subtype-classification-and-outlier-detection/data/model_datasets/human_protein_atlas/images/87.png
human_protein_atlas_88,LGSC,2728,2736,tma,ovary,,human_protein_atlas,/home/gunes/Desktop/Kaggle/ubc-ovarian-cancer-subtype-classification-and-outlier-detection/data/model_datasets/human_protein_atlas/images/88.png
human_protein_atlas_89,EC,2199,2273,tma,ovary,,human_protein_atlas,/home/gunes/Desktop/Kaggle/ubc-ovarian-cancer-subtype-classification-and-outlier-detection/data/model_datasets/human_protein_atlas/images/89.png
human_protein_atlas_90,MC,2195,2130,tma,ovary,,human_protein_atlas,/home/gunes/Desktop/Kaggle/ubc-ovarian-cancer-subtype-classification-and-outlier-detection/data/model_datasets/human_protein_atlas/images/90.png
human_protein_atlas_91,MC,2153,2049,tma,ovary,,human_protein_atlas,/home/gunes/Desktop/Kaggle/ubc-ovarian-cancer-subtype-classification-and-outlier-detection/data/model_datasets/human_protein_atlas/images/91.png
human_protein_atlas_92,EC,2469,2553,tma,ovary,,human_protein_atlas,/home/gunes/Desktop/Kaggle/ubc-ovarian-cancer-subtype-classification-and-outlier-detection/data/model_datasets/human_protein_atlas/images/92.png
human_protein_atlas_93,EC,3000,3000,tma,ovary,,human_protein_atlas,/home/gunes/Desktop/Kaggle/ubc-ovarian-cancer-subtype-classification-and-outlier-detection/data/model_datasets/human_protein_atlas/images/93.png
human_protein_atlas_94,EC,2325,2355,tma,ovary,,human_protein_atlas,/home/gunes/Desktop/Kaggle/ubc-ovarian-cancer-subtype-classification-and-outlier-detection/data/model_datasets/human_protein_atlas/images/94.png
human_protein_atlas_95,MC,1987,1338,tma,ovary,,human_protein_atlas,/home/gunes/Desktop/Kaggle/ubc-ovarian-cancer-subtype-classification-and-outlier-detection/data/model_datasets/human_protein_atlas/images/95.png
human_protein_atlas_96,MC,2391,2613,tma,ovary,,human_protein_atlas,/home/gunes/Desktop/Kaggle/ubc-ovarian-cancer-subtype-classification-and-outlier-detection/data/model_datasets/human_protein_atlas/images/96.png
human_protein_atlas_97,EC,2345,2329,tma,ovary,,human_protein_atlas,/home/gunes/Desktop/Kaggle/ubc-ovarian-cancer-subtype-classification-and-outlier-detection/data/model_datasets/human_protein_atlas/images/97.png
human_protein_atlas_98,HGSC,2207,2416,tma,ovary,,human_protein_atlas,/home/gunes/Desktop/Kaggle/ubc-ovarian-cancer-subtype-classification-and-outlier-detection/data/model_datasets/human_protein_atlas/images/98.png
human_protein_atlas_99,EC,2460,2571,tma,ovary,,human_protein_atlas,/home/gunes/Desktop/Kaggle/ubc-ovarian-cancer-subtype-classification-and-outlier-detection/data/model_datasets/human_protein_atlas/images/99.png
human_protein_atlas_100,MC,2678,3000,tma,ovary,,human_protein_atlas,/home/gunes/Desktop/Kaggle/ubc-ovarian-cancer-subtype-classification-and-outlier-detection/data/model_datasets/human_protein_atlas/images/100.png
human_protein_atlas_101,MC,1994,2409,tma,ovary,,human_protein_atlas,/home/gunes/Desktop/Kaggle/ubc-ovarian-cancer-subtype-classification-and-outlier-detection/data/model_datasets/human_protein_atlas/images/101.png
human_protein_atlas_102,EC,2039,2220,tma,ovary,,human_protein_atlas,/home/gunes/Desktop/Kaggle/ubc-ovarian-cancer-subtype-classification-and-outlier-detection/data/model_datasets/human_protein_atlas/images/102.png
human_protein_atlas_103,MC,2283,2233,tma,ovary,,human_protein_atlas,/home/gunes/Desktop/Kaggle/ubc-ovarian-cancer-subtype-classification-and-outlier-detection/data/model_datasets/human_protein_atlas/images/103.png
human_protein_atlas_104,MC,2575,2689,tma,ovary,,human_protein_atlas,/home/gunes/Desktop/Kaggle/ubc-ovarian-cancer-subtype-classification-and-outlier-detection/data/model_datasets/human_protein_atlas/images/104.png
human_protein_atlas_105,EC,2503,2395,tma,ovary,,human_protein_atlas,/home/gunes/Desktop/Kaggle/ubc-ovarian-cancer-subtype-classification-and-outlier-detection/data/model_datasets/human_protein_atlas/images/105.png
human_protein_atlas_106,EC,2748,2785,tma,ovary,,human_protein_atlas,/home/gunes/Desktop/Kaggle/ubc-ovarian-cancer-subtype-classification-and-outlier-detection/data/model_datasets/human_protein_atlas/images/106.png
human_protein_atlas_107,MC,2555,2822,tma,ovary,,human_protein_atlas,/home/gunes/Desktop/Kaggle/ubc-ovarian-cancer-subtype-classification-and-outlier-detection/data/model_datasets/human_protein_atlas/images/107.png
human_protein_atlas_108,MC,2463,2757,tma,ovary,,human_protein_atlas,/home/gunes/Desktop/Kaggle/ubc-ovarian-cancer-subtype-classification-and-outlier-detection/data/model_datasets/human_protein_atlas/images/108.png
human_protein_atlas_109,EC,3000,2977,tma,ovary,,human_protein_atlas,/home/gunes/Desktop/Kaggle/ubc-ovarian-cancer-subtype-classification-and-outlier-detection/data/model_datasets/human_protein_atlas/images/109.png
human_protein_atlas_110,LGSC,2317,2526,tma,ovary,,human_protein_atlas,/home/gunes/Desktop/Kaggle/ubc-ovarian-cancer-subtype-classification-and-outlier-detection/data/model_datasets/human_protein_atlas/images/110.png
human_protein_atlas_111,MC,2367,2625,tma,ovary,,human_protein_atlas,/home/gunes/Desktop/Kaggle/ubc-ovarian-cancer-subtype-classification-and-outlier-detection/data/model_datasets/human_protein_atlas/images/111.png
human_protein_atlas_112,LGSC,2248,2323,tma,ovary,,human_protein_atlas,/home/gunes/Desktop/Kaggle/ubc-ovarian-cancer-subtype-classification-and-outlier-detection/data/model_datasets/human_protein_atlas/images/112.png
human_protein_atlas_113,EC,2278,2357,tma,ovary,,human_protein_atlas,/home/gunes/Desktop/Kaggle/ubc-ovarian-cancer-subtype-classification-and-outlier-detection/data/model_datasets/human_protein_atlas/images/113.png
human_protein_atlas_114,EC,2403,2421,tma,ovary,,human_protein_atlas,/home/gunes/Desktop/Kaggle/ubc-ovarian-cancer-subtype-classification-and-outlier-detection/data/model_datasets/human_protein_atlas/images/114.png
human_protein_atlas_115,LGSC,2165,2241,tma,ovary,,human_protein_atlas,/home/gunes/Desktop/Kaggle/ubc-ovarian-cancer-subtype-classification-and-outlier-detection/data/model_datasets/human_protein_atlas/images/115.png
human_protein_atlas_116,HGSC,2345,2553,tma,ovary,,human_protein_atlas,/home/gunes/Desktop/Kaggle/ubc-ovarian-cancer-subtype-classification-and-outlier-detection/data/model_datasets/human_protein_atlas/images/116.png
human_protein_atlas_117,LGSC,2809,2806,tma,ovary,,human_protein_atlas,/home/gunes/Desktop/Kaggle/ubc-ovarian-cancer-subtype-classification-and-outlier-detection/data/model_datasets/human_protein_atlas/images/117.png
human_protein_atlas_118,EC,2353,2388,tma,ovary,,human_protein_atlas,/home/gunes/Desktop/Kaggle/ubc-ovarian-cancer-subtype-classification-and-outlier-detection/data/model_datasets/human_protein_atlas/images/118.png
human_protein_atlas_119,EC,3044,3020,tma,ovary,,human_protein_atlas,/home/gunes/Desktop/Kaggle/ubc-ovarian-cancer-subtype-classification-and-outlier-detection/data/model_datasets/human_protein_atlas/images/119.png
human_protein_atlas_120,EC,2131,2248,tma,ovary,,human_protein_atlas,/home/gunes/Desktop/Kaggle/ubc-ovarian-cancer-subtype-classification-and-outlier-detection/data/model_datasets/human_protein_atlas/images/120.png
human_protein_atlas_121,MC,2283,2365,tma,ovary,,human_protein_atlas,/home/gunes/Desktop/Kaggle/ubc-ovarian-cancer-subtype-classification-and-outlier-detection/data/model_datasets/human_protein_atlas/images/121.png
human_protein_atlas_122,EC,2413,2689,tma,ovary,,human_protein_atlas,/home/gunes/Desktop/Kaggle/ubc-ovarian-cancer-subtype-classification-and-outlier-detection/data/model_datasets/human_protein_atlas/images/122.png
human_protein_atlas_123,EC,2021,2368,tma,ovary,,human_protein_atlas,/home/gunes/Desktop/Kaggle/ubc-ovarian-cancer-subtype-classification-and-outlier-detection/data/model_datasets/human_protein_atlas/images/123.png
human_protein_atlas_124,EC,2210,2501,tma,ovary,,human_protein_atlas,/home/gunes/Desktop/Kaggle/ubc-ovarian-cancer-subtype-classification-and-outlier-detection/data/model_datasets/human_protein_atlas/images/124.png
human_protein_atlas_125,LGSC,2268,2219,tma,ovary,,human_protein_atlas,/home/gunes/Desktop/Kaggle/ubc-ovarian-cancer-subtype-classification-and-outlier-detection/data/model_datasets/human_protein_atlas/images/125.png
human_protein_atlas_126,EC,2084,2207,tma,ovary,,human_protein_atlas,/home/gunes/Desktop/Kaggle/ubc-ovarian-cancer-subtype-classification-and-outlier-detection/data/model_datasets/human_protein_atlas/images/126.png
human_protein_atlas_127,MC,2450,2478,tma,ovary,,human_protein_atlas,/home/gunes/Desktop/Kaggle/ubc-ovarian-cancer-subtype-classification-and-outlier-detection/data/model_datasets/human_protein_atlas/images/127.png
human_protein_atlas_128,HGSC,2265,2306,tma,ovary,,human_protein_atlas,/home/gunes/Desktop/Kaggle/ubc-ovarian-cancer-subtype-classification-and-outlier-detection/data/model_datasets/human_protein_atlas/images/128.png
human_protein_atlas_129,EC,3000,3000,tma,ovary,,human_protein_atlas,/home/gunes/Desktop/Kaggle/ubc-ovarian-cancer-subtype-classification-and-outlier-detection/data/model_datasets/human_protein_atlas/images/129.png
human_protein_atlas_130,MC,2461,2903,tma,ovary,,human_protein_atlas,/home/gunes/Desktop/Kaggle/ubc-ovarian-cancer-subtype-classification-and-outlier-detection/data/model_datasets/human_protein_atlas/images/130.png
human_protein_atlas_131,MC,2468,2528,tma,ovary,,human_protein_atlas,/home/gunes/Desktop/Kaggle/ubc-ovarian-cancer-subtype-classification-and-outlier-detection/data/model_datasets/human_protein_atlas/images/131.png
human_protein_atlas_132,EC,2403,2322,tma,ovary,,human_protein_atlas,/home/gunes/Desktop/Kaggle/ubc-ovarian-cancer-subtype-classification-and-outlier-detection/data/model_datasets/human_protein_atlas/images/132.png
human_protein_atlas_133,MC,2615,2458,tma,ovary,,human_protein_atlas,/home/gunes/Desktop/Kaggle/ubc-ovarian-cancer-subtype-classification-and-outlier-detection/data/model_datasets/human_protein_atlas/images/133.png
human_protein_atlas_134,EC,2611,2614,tma,ovary,,human_protein_atlas,/home/gunes/Desktop/Kaggle/ubc-ovarian-cancer-subtype-classification-and-outlier-detection/data/model_datasets/human_protein_atlas/images/134.png
human_protein_atlas_135,LGSC,2241,2333,tma,ovary,,human_protein_atlas,/home/gunes/Desktop/Kaggle/ubc-ovarian-cancer-subtype-classification-and-outlier-detection/data/model_datasets/human_protein_atlas/images/135.png
human_protein_atlas_136,LGSC,1989,2078,tma,ovary,,human_protein_atlas,/home/gunes/Desktop/Kaggle/ubc-ovarian-cancer-subtype-classification-and-outlier-detection/data/model_datasets/human_protein_atlas/images/136.png
human_protein_atlas_137,MC,2215,2420,tma,ovary,,human_protein_atlas,/home/gunes/Desktop/Kaggle/ubc-ovarian-cancer-subtype-classification-and-outlier-detection/data/model_datasets/human_protein_atlas/images/137.png
human_protein_atlas_138,EC,2152,2195,tma,ovary,,human_protein_atlas,/home/gunes/Desktop/Kaggle/ubc-ovarian-cancer-subtype-classification-and-outlier-detection/data/model_datasets/human_protein_atlas/images/138.png
human_protein_atlas_139,MC,2513,2702,tma,ovary,,human_protein_atlas,/home/gunes/Desktop/Kaggle/ubc-ovarian-cancer-subtype-classification-and-outlier-detection/data/model_datasets/human_protein_atlas/images/139.png
human_protein_atlas_140,MC,2685,2615,tma,ovary,,human_protein_atlas,/home/gunes/Desktop/Kaggle/ubc-ovarian-cancer-subtype-classification-and-outlier-detection/data/model_datasets/human_protein_atlas/images/140.png
human_protein_atlas_141,EC,2206,2355,tma,ovary,,human_protein_atlas,/home/gunes/Desktop/Kaggle/ubc-ovarian-cancer-subtype-classification-and-outlier-detection/data/model_datasets/human_protein_atlas/images/141.png
human_protein_atlas_142,MC,2361,2818,tma,ovary,,human_protein_atlas,/home/gunes/Desktop/Kaggle/ubc-ovarian-cancer-subtype-classification-and-outlier-detection/data/model_datasets/human_protein_atlas/images/142.png
human_protein_atlas_143,MC,2695,2763,tma,ovary,,human_protein_atlas,/home/gunes/Desktop/Kaggle/ubc-ovarian-cancer-subtype-classification-and-outlier-detection/data/model_datasets/human_protein_atlas/images/143.png
human_protein_atlas_144,LGSC,2125,2215,tma,ovary,,human_protein_atlas,/home/gunes/Desktop/Kaggle/ubc-ovarian-cancer-subtype-classification-and-outlier-detection/data/model_datasets/human_protein_atlas/images/144.png
human_protein_atlas_145,LGSC,2703,2755,tma,ovary,,human_protein_atlas,/home/gunes/Desktop/Kaggle/ubc-ovarian-cancer-subtype-classification-and-outlier-detection/data/model_datasets/human_protein_atlas/images/145.png
human_protein_atlas_146,EC,2477,2621,tma,ovary,,human_protein_atlas,/home/gunes/Desktop/Kaggle/ubc-ovarian-cancer-subtype-classification-and-outlier-detection/data/model_datasets/human_protein_atlas/images/146.png
human_protein_atlas_147,EC,2156,2423,tma,ovary,,human_protein_atlas,/home/gunes/Desktop/Kaggle/ubc-ovarian-cancer-subtype-classification-and-outlier-detection/data/model_datasets/human_protein_atlas/images/147.png
human_protein_atlas_148,MC,2465,2806,tma,ovary,,human_protein_atlas,/home/gunes/Desktop/Kaggle/ubc-ovarian-cancer-subtype-classification-and-outlier-detection/data/model_datasets/human_protein_atlas/images/148.png
human_protein_atlas_149,EC,2351,2475,tma,ovary,,human_protein_atlas,/home/gunes/Desktop/Kaggle/ubc-ovarian-cancer-subtype-classification-and-outlier-detection/data/model_datasets/human_protein_atlas/images/149.png
human_protein_atlas_150,HGSC,2281,2485,tma,ovary,,human_protein_atlas,/home/gunes/Desktop/Kaggle/ubc-ovarian-cancer-subtype-classification-and-outlier-detection/data/model_datasets/human_protein_atlas/images/150.png
human_protein_atlas_151,MC,2028,2134,tma,ovary,,human_protein_atlas,/home/gunes/Desktop/Kaggle/ubc-ovarian-cancer-subtype-classification-and-outlier-detection/data/model_datasets/human_protein_atlas/images/151.png
human_protein_atlas_152,EC,2398,2727,tma,ovary,,human_protein_atlas,/home/gunes/Desktop/Kaggle/ubc-ovarian-cancer-subtype-classification-and-outlier-detection/data/model_datasets/human_protein_atlas/images/152.png
human_protein_atlas_153,MC,2330,2868,tma,ovary,,human_protein_atlas,/home/gunes/Desktop/Kaggle/ubc-ovarian-cancer-subtype-classification-and-outlier-detection/data/model_datasets/human_protein_atlas/images/153.png
human_protein_atlas_154,MC,2445,2894,tma,ovary,,human_protein_atlas,/home/gunes/Desktop/Kaggle/ubc-ovarian-cancer-subtype-classification-and-outlier-detection/data/model_datasets/human_protein_atlas/images/154.png
human_protein_atlas_155,EC,2250,2277,tma,ovary,,human_protein_atlas,/home/gunes/Desktop/Kaggle/ubc-ovarian-cancer-subtype-classification-and-outlier-detection/data/model_datasets/human_protein_atlas/images/155.png
human_protein_atlas_156,MC,2024,2228,tma,ovary,,human_protein_atlas,/home/gunes/Desktop/Kaggle/ubc-ovarian-cancer-subtype-classification-and-outlier-detection/data/model_datasets/human_protein_atlas/images/156.png
human_protein_atlas_157,EC,2869,2683,tma,ovary,,human_protein_atlas,/home/gunes/Desktop/Kaggle/ubc-ovarian-cancer-subtype-classification-and-outlier-detection/data/model_datasets/human_protein_atlas/images/157.png
human_protein_atlas_158,EC,2263,2280,tma,ovary,,human_protein_atlas,/home/gunes/Desktop/Kaggle/ubc-ovarian-cancer-subtype-classification-and-outlier-detection/data/model_datasets/human_protein_atlas/images/158.png
human_protein_atlas_159,EC,2245,2365,tma,ovary,,human_protein_atlas,/home/gunes/Desktop/Kaggle/ubc-ovarian-cancer-subtype-classification-and-outlier-detection/data/model_datasets/human_protein_atlas/images/159.png
human_protein_atlas_160,LGSC,1132,1190,tma,ovary,,human_protein_atlas,/home/gunes/Desktop/Kaggle/ubc-ovarian-cancer-subtype-classification-and-outlier-detection/data/model_datasets/human_protein_atlas/images/160.png
human_protein_atlas_161,EC,2367,2461,tma,ovary,,human_protein_atlas,/home/gunes/Desktop/Kaggle/ubc-ovarian-cancer-subtype-classification-and-outlier-detection/data/model_datasets/human_protein_atlas/images/161.png
human_protein_atlas_162,LGSC,2341,2323,tma,ovary,,human_protein_atlas,/home/gunes/Desktop/Kaggle/ubc-ovarian-cancer-subtype-classification-and-outlier-detection/data/model_datasets/human_protein_atlas/images/162.png
human_protein_atlas_163,MC,1875,1509,tma,ovary,,human_protein_atlas,/home/gunes/Desktop/Kaggle/ubc-ovarian-cancer-subtype-classification-and-outlier-detection/data/model_datasets/human_protein_atlas/images/163.png
human_protein_atlas_164,EC,2408,2435,tma,ovary,,human_protein_atlas,/home/gunes/Desktop/Kaggle/ubc-ovarian-cancer-subtype-classification-and-outlier-detection/data/model_datasets/human_protein_atlas/images/164.png
human_protein_atlas_165,EC,2451,2523,tma,ovary,,human_protein_atlas,/home/gunes/Desktop/Kaggle/ubc-ovarian-cancer-subtype-classification-and-outlier-detection/data/model_datasets/human_protein_atlas/images/165.png
human_protein_atlas_166,MC,1662,2257,tma,ovary,,human_protein_atlas,/home/gunes/Desktop/Kaggle/ubc-ovarian-cancer-subtype-classification-and-outlier-detection/data/model_datasets/human_protein_atlas/images/166.png
human_protein_atlas_167,MC,2593,2825,tma,ovary,,human_protein_atlas,/home/gunes/Desktop/Kaggle/ubc-ovarian-cancer-subtype-classification-and-outlier-detection/data/model_datasets/human_protein_atlas/images/167.png
human_protein_atlas_168,EC,2469,2740,tma,ovary,,human_protein_atlas,/home/gunes/Desktop/Kaggle/ubc-ovarian-cancer-subtype-classification-and-outlier-detection/data/model_datasets/human_protein_atlas/images/168.png
human_protein_atlas_169,MC,2040,1709,tma,ovary,,human_protein_atlas,/home/gunes/Desktop/Kaggle/ubc-ovarian-cancer-subtype-classification-and-outlier-detection/data/model_datasets/human_protein_atlas/images/169.png
human_protein_atlas_170,LGSC,2796,2892,tma,ovary,,human_protein_atlas,/home/gunes/Desktop/Kaggle/ubc-ovarian-cancer-subtype-classification-and-outlier-detection/data/model_datasets/human_protein_atlas/images/170.png
human_protein_atlas_171,LGSC,2770,3000,tma,ovary,,human_protein_atlas,/home/gunes/Desktop/Kaggle/ubc-ovarian-cancer-subtype-classification-and-outlier-detection/data/model_datasets/human_protein_atlas/images/171.png
human_protein_atlas_172,LGSC,2549,2475,tma,ovary,,human_protein_atlas,/home/gunes/Desktop/Kaggle/ubc-ovarian-cancer-subtype-classification-and-outlier-detection/data/model_datasets/human_protein_atlas/images/172.png
human_protein_atlas_173,EC,2213,2246,tma,ovary,,human_protein_atlas,/home/gunes/Desktop/Kaggle/ubc-ovarian-cancer-subtype-classification-and-outlier-detection/data/model_datasets/human_protein_atlas/images/173.png
human_protein_atlas_174,MC,2503,2288,tma,ovary,,human_protein_atlas,/home/gunes/Desktop/Kaggle/ubc-ovarian-cancer-subtype-classification-and-outlier-detection/data/model_datasets/human_protein_atlas/images/174.png
human_protein_atlas_175,MC,2687,2360,tma,ovary,,human_protein_atlas,/home/gunes/Desktop/Kaggle/ubc-ovarian-cancer-subtype-classification-and-outlier-detection/data/model_datasets/human_protein_atlas/images/175.png
human_protein_atlas_176,EC,2451,2682,tma,ovary,,human_protein_atlas,/home/gunes/Desktop/Kaggle/ubc-ovarian-cancer-subtype-classification-and-outlier-detection/data/model_datasets/human_protein_atlas/images/176.png
human_protein_atlas_177,LGSC,3000,3000,tma,ovary,,human_protein_atlas,/home/gunes/Desktop/Kaggle/ubc-ovarian-cancer-subtype-classification-and-outlier-detection/data/model_datasets/human_protein_atlas/images/177.png
human_protein_atlas_178,EC,2359,2539,tma,ovary,,human_protein_atlas,/home/gunes/Desktop/Kaggle/ubc-ovarian-cancer-subtype-classification-and-outlier-detection/data/model_datasets/human_protein_atlas/images/178.png
human_protein_atlas_179,EC,2169,2062,tma,ovary,,human_protein_atlas,/home/gunes/Desktop/Kaggle/ubc-ovarian-cancer-subtype-classification-and-outlier-detection/data/model_datasets/human_protein_atlas/images/179.png
human_protein_atlas_180,MC,2741,2908,tma,ovary,,human_protein_atlas,/home/gunes/Desktop/Kaggle/ubc-ovarian-cancer-subtype-classification-and-outlier-detection/data/model_datasets/human_protein_atlas/images/180.png
human_protein_atlas_181,LGSC,2258,2249,tma,ovary,,human_protein_atlas,/home/gunes/Desktop/Kaggle/ubc-ovarian-cancer-subtype-classification-and-outlier-detection/data/model_datasets/human_protein_atlas/images/181.png
human_protein_atlas_182,EC,2388,2661,tma,ovary,,human_protein_atlas,/home/gunes/Desktop/Kaggle/ubc-ovarian-cancer-subtype-classification-and-outlier-detection/data/model_datasets/human_protein_atlas/images/182.png
human_protein_atlas_183,LGSC,2394,2668,tma,ovary,,human_protein_atlas,/home/gunes/Desktop/Kaggle/ubc-ovarian-cancer-subtype-classification-and-outlier-detection/data/model_datasets/human_protein_atlas/images/183.png
human_protein_atlas_184,EC,2440,2451,tma,ovary,,human_protein_atlas,/home/gunes/Desktop/Kaggle/ubc-ovarian-cancer-subtype-classification-and-outlier-detection/data/model_datasets/human_protein_atlas/images/184.png
human_protein_atlas_185,MC,2229,1956,tma,ovary,,human_protein_atlas,/home/gunes/Desktop/Kaggle/ubc-ovarian-cancer-subtype-classification-and-outlier-detection/data/model_datasets/human_protein_atlas/images/185.png
human_protein_atlas_186,EC,2239,2285,tma,ovary,,human_protein_atlas,/home/gunes/Desktop/Kaggle/ubc-ovarian-cancer-subtype-classification-and-outlier-detection/data/model_datasets/human_protein_atlas/images/186.png
human_protein_atlas_187,EC,2051,2183,tma,ovary,,human_protein_atlas,/home/gunes/Desktop/Kaggle/ubc-ovarian-cancer-subtype-classification-and-outlier-detection/data/model_datasets/human_protein_atlas/images/187.png
human_protein_atlas_188,EC,2388,2694,tma,ovary,,human_protein_atlas,/home/gunes/Desktop/Kaggle/ubc-ovarian-cancer-subtype-classification-and-outlier-detection/data/model_datasets/human_protein_atlas/images/188.png
human_protein_atlas_189,MC,2451,2459,tma,ovary,,human_protein_atlas,/home/gunes/Desktop/Kaggle/ubc-ovarian-cancer-subtype-classification-and-outlier-detection/data/model_datasets/human_protein_atlas/images/189.png
human_protein_atlas_190,HGSC,2335,2552,tma,ovary,,human_protein_atlas,/home/gunes/Desktop/Kaggle/ubc-ovarian-cancer-subtype-classification-and-outlier-detection/data/model_datasets/human_protein_atlas/images/190.png
human_protein_atlas_191,HGSC,2167,2117,tma,ovary,,human_protein_atlas,/home/gunes/Desktop/Kaggle/ubc-ovarian-cancer-subtype-classification-and-outlier-detection/data/model_datasets/human_protein_atlas/images/191.png
human_protein_atlas_192,EC,2397,2544,tma,ovary,,human_protein_atlas,/home/gunes/Desktop/Kaggle/ubc-ovarian-cancer-subtype-classification-and-outlier-detection/data/model_datasets/human_protein_atlas/images/192.png
human_protein_atlas_193,MC,2267,2541,tma,ovary,,human_protein_atlas,/home/gunes/Desktop/Kaggle/ubc-ovarian-cancer-subtype-classification-and-outlier-detection/data/model_datasets/human_protein_atlas/images/193.png
human_protein_atlas_194,MC,2385,2373,tma,ovary,,human_protein_atlas,/home/gunes/Desktop/Kaggle/ubc-ovarian-cancer-subtype-classification-and-outlier-detection/data/model_datasets/human_protein_atlas/images/194.png
human_protein_atlas_195,HGSC,2311,2482,tma,ovary,,human_protein_atlas,/home/gunes/Desktop/Kaggle/ubc-ovarian-cancer-subtype-classification-and-outlier-detection/data/model_datasets/human_protein_atlas/images/195.png
human_protein_atlas_196,EC,2166,2143,tma,ovary,,human_protein_atlas,/home/gunes/Desktop/Kaggle/ubc-ovarian-cancer-subtype-classification-and-outlier-detection/data/model_datasets/human_protein_atlas/images/196.png
human_protein_atlas_197,LGSC,3000,3000,tma,ovary,,human_protein_atlas,/home/gunes/Desktop/Kaggle/ubc-ovarian-cancer-subtype-classification-and-outlier-detection/data/model_datasets/human_protein_atlas/images/197.png
human_protein_atlas_198,MC,2711,2799,tma,ovary,,human_protein_atlas,/home/gunes/Desktop/Kaggle/ubc-ovarian-cancer-subtype-classification-and-outlier-detection/data/model_datasets/human_protein_atlas/images/198.png
human_protein_atlas_199,LGSC,2763,2849,tma,ovary,,human_protein_atlas,/home/gunes/Desktop/Kaggle/ubc-ovarian-cancer-subtype-classification-and-outlier-detection/data/model_datasets/human_protein_atlas/images/199.png
human_protein_atlas_200,EC,2358,2481,tma,ovary,,human_protein_atlas,/home/gunes/Desktop/Kaggle/ubc-ovarian-cancer-subtype-classification-and-outlier-detection/data/model_datasets/human_protein_atlas/images/200.png
human_protein_atlas_201,MC,2345,2463,tma,ovary,,human_protein_atlas,/home/gunes/Desktop/Kaggle/ubc-ovarian-cancer-subtype-classification-and-outlier-detection/data/model_datasets/human_protein_atlas/images/201.png
human_protein_atlas_202,HGSC,2336,2565,tma,ovary,,human_protein_atlas,/home/gunes/Desktop/Kaggle/ubc-ovarian-cancer-subtype-classification-and-outlier-detection/data/model_datasets/human_protein_atlas/images/202.png
human_protein_atlas_203,EC,2601,2721,tma,ovary,,human_protein_atlas,/home/gunes/Desktop/Kaggle/ubc-ovarian-cancer-subtype-classification-and-outlier-detection/data/model_datasets/human_protein_atlas/images/203.png
human_protein_atlas_204,EC,2235,2452,tma,ovary,,human_protein_atlas,/home/gunes/Desktop/Kaggle/ubc-ovarian-cancer-subtype-classification-and-outlier-detection/data/model_datasets/human_protein_atlas/images/204.png
human_protein_atlas_205,EC,2381,2689,tma,ovary,,human_protein_atlas,/home/gunes/Desktop/Kaggle/ubc-ovarian-cancer-subtype-classification-and-outlier-detection/data/model_datasets/human_protein_atlas/images/205.png
human_protein_atlas_206,EC,2195,2258,tma,ovary,,human_protein_atlas,/home/gunes/Desktop/Kaggle/ubc-ovarian-cancer-subtype-classification-and-outlier-detection/data/model_datasets/human_protein_atlas/images/206.png
human_protein_atlas_207,LGSC,2519,2604,tma,ovary,,human_protein_atlas,/home/gunes/Desktop/Kaggle/ubc-ovarian-cancer-subtype-classification-and-outlier-detection/data/model_datasets/human_protein_atlas/images/207.png
human_protein_atlas_208,MC,2876,3002,tma,ovary,,human_protein_atlas,/home/gunes/Desktop/Kaggle/ubc-ovarian-cancer-subtype-classification-and-outlier-detection/data/model_datasets/human_protein_atlas/images/208.png
human_protein_atlas_209,MC,2184,2316,tma,ovary,,human_protein_atlas,/home/gunes/Desktop/Kaggle/ubc-ovarian-cancer-subtype-classification-and-outlier-detection/data/model_datasets/human_protein_atlas/images/209.png
human_protein_atlas_210,LGSC,2229,1910,tma,ovary,,human_protein_atlas,/home/gunes/Desktop/Kaggle/ubc-ovarian-cancer-subtype-classification-and-outlier-detection/data/model_datasets/human_protein_atlas/images/210.png
human_protein_atlas_211,EC,2415,2399,tma,ovary,,human_protein_atlas,/home/gunes/Desktop/Kaggle/ubc-ovarian-cancer-subtype-classification-and-outlier-detection/data/model_datasets/human_protein_atlas/images/211.png
human_protein_atlas_212,EC,2762,2296,tma,ovary,,human_protein_atlas,/home/gunes/Desktop/Kaggle/ubc-ovarian-cancer-subtype-classification-and-outlier-detection/data/model_datasets/human_protein_atlas/images/212.png
human_protein_atlas_213,HGSC,2335,2544,tma,ovary,,human_protein_atlas,/home/gunes/Desktop/Kaggle/ubc-ovarian-cancer-subtype-classification-and-outlier-detection/data/model_datasets/human_protein_atlas/images/213.png
human_protein_atlas_214,EC,2161,2289,tma,ovary,,human_protein_atlas,/home/gunes/Desktop/Kaggle/ubc-ovarian-cancer-subtype-classification-and-outlier-detection/data/model_datasets/human_protein_atlas/images/214.png
human_protein_atlas_215,MC,2692,2548,tma,ovary,,human_protein_atlas,/home/gunes/Desktop/Kaggle/ubc-ovarian-cancer-subtype-classification-and-outlier-detection/data/model_datasets/human_protein_atlas/images/215.png
human_protein_atlas_216,EC,2288,2353,tma,ovary,,human_protein_atlas,/home/gunes/Desktop/Kaggle/ubc-ovarian-cancer-subtype-classification-and-outlier-detection/data/model_datasets/human_protein_atlas/images/216.png
human_protein_atlas_217,HGSC,2294,2251,tma,ovary,,human_protein_atlas,/home/gunes/Desktop/Kaggle/ubc-ovarian-cancer-subtype-classification-and-outlier-detection/data/model_datasets/human_protein_atlas/images/217.png
human_protein_atlas_218,EC,2438,2558,tma,ovary,,human_protein_atlas,/home/gunes/Desktop/Kaggle/ubc-ovarian-cancer-subtype-classification-and-outlier-detection/data/model_datasets/human_protein_atlas/images/218.png
human_protein_atlas_219,EC,2264,2183,tma,ovary,,human_protein_atlas,/home/gunes/Desktop/Kaggle/ubc-ovarian-cancer-subtype-classification-and-outlier-detection/data/model_datasets/human_protein_atlas/images/219.png
human_protein_atlas_220,MC,2486,2815,tma,ovary,,human_protein_atlas,/home/gunes/Desktop/Kaggle/ubc-ovarian-cancer-subtype-classification-and-outlier-detection/data/model_datasets/human_protein_atlas/images/220.png
human_protein_atlas_221,MC,2437,2114,tma,ovary,,human_protein_atlas,/home/gunes/Desktop/Kaggle/ubc-ovarian-cancer-subtype-classification-and-outlier-detection/data/model_datasets/human_protein_atlas/images/221.png
human_protein_atlas_222,MC,2690,2952,tma,ovary,,human_protein_atlas,/home/gunes/Desktop/Kaggle/ubc-ovarian-cancer-subtype-classification-and-outlier-detection/data/model_datasets/human_protein_atlas/images/222.png
human_protein_atlas_223,LGSC,668,762,tma,ovary,,human_protein_atlas,/home/gunes/Desktop/Kaggle/ubc-ovarian-cancer-subtype-classification-and-outlier-detection/data/model_datasets/human_protein_atlas/images/223.png
human_protein_atlas_224,HGSC,2299,2515,tma,ovary,,human_protein_atlas,/home/gunes/Desktop/Kaggle/ubc-ovarian-cancer-subtype-classification-and-outlier-detection/data/model_datasets/human_protein_atlas/images/224.png
human_protein_atlas_225,EC,2082,2300,tma,ovary,,human_protein_atlas,/home/gunes/Desktop/Kaggle/ubc-ovarian-cancer-subtype-classification-and-outlier-detection/data/model_datasets/human_protein_atlas/images/225.png
human_protein_atlas_226,EC,2352,2588,tma,ovary,,human_protein_atlas,/home/gunes/Desktop/Kaggle/ubc-ovarian-cancer-subtype-classification-and-outlier-detection/data/model_datasets/human_protein_atlas/images/226.png
human_protein_atlas_227,MC,2059,1976,tma,ovary,,human_protein_atlas,/home/gunes/Desktop/Kaggle/ubc-ovarian-cancer-subtype-classification-and-outlier-detection/data/model_datasets/human_protein_atlas/images/227.png
human_protein_atlas_228,LGSC,2659,2697,tma,ovary,,human_protein_atlas,/home/gunes/Desktop/Kaggle/ubc-ovarian-cancer-subtype-classification-and-outlier-detection/data/model_datasets/human_protein_atlas/images/228.png
human_protein_atlas_229,MC,1702,2322,tma,ovary,,human_protein_atlas,/home/gunes/Desktop/Kaggle/ubc-ovarian-cancer-subtype-classification-and-outlier-detection/data/model_datasets/human_protein_atlas/images/229.png
human_protein_atlas_230,EC,2736,2838,tma,ovary,,human_protein_atlas,/home/gunes/Desktop/Kaggle/ubc-ovarian-cancer-subtype-classification-and-outlier-detection/data/model_datasets/human_protein_atlas/images/230.png
human_protein_atlas_231,EC,2186,2244,tma,ovary,,human_protein_atlas,/home/gunes/Desktop/Kaggle/ubc-ovarian-cancer-subtype-classification-and-outlier-detection/data/model_datasets/human_protein_atlas/images/231.png
human_protein_atlas_232,MC,2553,2839,tma,ovary,,human_protein_atlas,/home/gunes/Desktop/Kaggle/ubc-ovarian-cancer-subtype-classification-and-outlier-detection/data/model_datasets/human_protein_atlas/images/232.png
human_protein_atlas_233,MC,2703,2678,tma,ovary,,human_protein_atlas,/home/gunes/Desktop/Kaggle/ubc-ovarian-cancer-subtype-classification-and-outlier-detection/data/model_datasets/human_protein_atlas/images/233.png
human_protein_atlas_234,MC,2458,2496,tma,ovary,,human_protein_atlas,/home/gunes/Desktop/Kaggle/ubc-ovarian-cancer-subtype-classification-and-outlier-detection/data/model_datasets/human_protein_atlas/images/234.png
human_protein_atlas_235,LGSC,2467,2567,tma,ovary,,human_protein_atlas,/home/gunes/Desktop/Kaggle/ubc-ovarian-cancer-subtype-classification-and-outlier-detection/data/model_datasets/human_protein_atlas/images/235.png
human_protein_atlas_236,LGSC,2264,2292,tma,ovary,,human_protein_atlas,/home/gunes/Desktop/Kaggle/ubc-ovarian-cancer-subtype-classification-and-outlier-detection/data/model_datasets/human_protein_atlas/images/236.png
human_protein_atlas_237,MC,2444,2513,tma,ovary,,human_protein_atlas,/home/gunes/Desktop/Kaggle/ubc-ovarian-cancer-subtype-classification-and-outlier-detection/data/model_datasets/human_protein_atlas/images/237.png
human_protein_atlas_238,MC,2751,2794,tma,ovary,,human_protein_atlas,/home/gunes/Desktop/Kaggle/ubc-ovarian-cancer-subtype-classification-and-outlier-detection/data/model_datasets/human_protein_atlas/images/238.png
human_protein_atlas_239,MC,2178,2267,tma,ovary,,human_protein_atlas,/home/gunes/Desktop/Kaggle/ubc-ovarian-cancer-subtype-classification-and-outlier-detection/data/model_datasets/human_protein_atlas/images/239.png
human_protein_atlas_240,MC,1156,2139,tma,ovary,,human_protein_atlas,/home/gunes/Desktop/Kaggle/ubc-ovarian-cancer-subtype-classification-and-outlier-detection/data/model_datasets/human_protein_atlas/images/240.png
human_protein_atlas_241,EC,2101,2286,tma,ovary,,human_protein_atlas,/home/gunes/Desktop/Kaggle/ubc-ovarian-cancer-subtype-classification-and-outlier-detection/data/model_datasets/human_protein_atlas/images/241.png
human_protein_atlas_242,EC,2465,2494,tma,ovary,,human_protein_atlas,/home/gunes/Desktop/Kaggle/ubc-ovarian-cancer-subtype-classification-and-outlier-detection/data/model_datasets/human_protein_atlas/images/242.png
human_protein_atlas_243,EC,2232,2285,tma,ovary,,human_protein_atlas,/home/gunes/Desktop/Kaggle/ubc-ovarian-cancer-subtype-classification-and-outlier-detection/data/model_datasets/human_protein_atlas/images/243.png
human_protein_atlas_244,LGSC,2571,2677,tma,ovary,,human_protein_atlas,/home/gunes/Desktop/Kaggle/ubc-ovarian-cancer-subtype-classification-and-outlier-detection/data/model_datasets/human_protein_atlas/images/244.png
human_protein_atlas_245,MC,2950,2594,tma,ovary,,human_protein_atlas,/home/gunes/Desktop/Kaggle/ubc-ovarian-cancer-subtype-classification-and-outlier-detection/data/model_datasets/human_protein_atlas/images/245.png
human_protein_atlas_246,MC,2833,2838,tma,ovary,,human_protein_atlas,/home/gunes/Desktop/Kaggle/ubc-ovarian-cancer-subtype-classification-and-outlier-detection/data/model_datasets/human_protein_atlas/images/246.png
human_protein_atlas_247,LGSC,2544,2667,tma,ovary,,human_protein_atlas,/home/gunes/Desktop/Kaggle/ubc-ovarian-cancer-subtype-classification-and-outlier-detection/data/model_datasets/human_protein_atlas/images/247.png
human_protein_atlas_248,LGSC,2473,2331,tma,ovary,,human_protein_atlas,/home/gunes/Desktop/Kaggle/ubc-ovarian-cancer-subtype-classification-and-outlier-detection/data/model_datasets/human_protein_atlas/images/248.png
human_protein_atlas_249,MC,1971,2302,tma,ovary,,human_protein_atlas,/home/gunes/Desktop/Kaggle/ubc-ovarian-cancer-subtype-classification-and-outlier-detection/data/model_datasets/human_protein_atlas/images/249.png
human_protein_atlas_250,MC,2793,2745,tma,ovary,,human_protein_atlas,/home/gunes/Desktop/Kaggle/ubc-ovarian-cancer-subtype-classification-and-outlier-detection/data/model_datasets/human_protein_atlas/images/250.png
human_protein_atlas_251,MC,2386,2392,tma,ovary,,human_protein_atlas,/home/gunes/Desktop/Kaggle/ubc-ovarian-cancer-subtype-classification-and-outlier-detection/data/model_datasets/human_protein_atlas/images/251.png
human_protein_atlas_252,MC,2444,2530,tma,ovary,,human_protein_atlas,/home/gunes/Desktop/Kaggle/ubc-ovarian-cancer-subtype-classification-and-outlier-detection/data/model_datasets/human_protein_atlas/images/252.png
human_protein_atlas_253,EC,2353,2359,tma,ovary,,human_protein_atlas,/home/gunes/Desktop/Kaggle/ubc-ovarian-cancer-subtype-classification-and-outlier-detection/data/model_datasets/human_protein_atlas/images/253.png
human_protein_atlas_254,MC,2326,2413,tma,ovary,,human_protein_atlas,/home/gunes/Desktop/Kaggle/ubc-ovarian-cancer-subtype-classification-and-outlier-detection/data/model_datasets/human_protein_atlas/images/254.png
human_protein_atlas_255,EC,2539,2584,tma,ovary,,human_protein_atlas,/home/gunes/Desktop/Kaggle/ubc-ovarian-cancer-subtype-classification-and-outlier-detection/data/model_datasets/human_protein_atlas/images/255.png
human_protein_atlas_256,MC,2854,2855,tma,ovary,,human_protein_atlas,/home/gunes/Desktop/Kaggle/ubc-ovarian-cancer-subtype-classification-and-outlier-detection/data/model_datasets/human_protein_atlas/images/256.png
human_protein_atlas_257,LGSC,2586,2822,tma,ovary,,human_protein_atlas,/home/gunes/Desktop/Kaggle/ubc-ovarian-cancer-subtype-classification-and-outlier-detection/data/model_datasets/human_protein_atlas/images/257.png
human_protein_atlas_258,LGSC,2408,2421,tma,ovary,,human_protein_atlas,/home/gunes/Desktop/Kaggle/ubc-ovarian-cancer-subtype-classification-and-outlier-detection/data/model_datasets/human_protein_atlas/images/258.png
human_protein_atlas_259,EC,2185,2235,tma,ovary,,human_protein_atlas,/home/gunes/Desktop/Kaggle/ubc-ovarian-cancer-subtype-classification-and-outlier-detection/data/model_datasets/human_protein_atlas/images/259.png
human_protein_atlas_260,MC,2866,2893,tma,ovary,,human_protein_atlas,/home/gunes/Desktop/Kaggle/ubc-ovarian-cancer-subtype-classification-and-outlier-detection/data/model_datasets/human_protein_atlas/images/260.png
human_protein_atlas_261,LGSC,2316,2357,tma,ovary,,human_protein_atlas,/home/gunes/Desktop/Kaggle/ubc-ovarian-cancer-subtype-classification-and-outlier-detection/data/model_datasets/human_protein_atlas/images/261.png
human_protein_atlas_262,LGSC,1963,2166,tma,ovary,,human_protein_atlas,/home/gunes/Desktop/Kaggle/ubc-ovarian-cancer-subtype-classification-and-outlier-detection/data/model_datasets/human_protein_atlas/images/262.png
human_protein_atlas_263,MC,2483,2694,tma,ovary,,human_protein_atlas,/home/gunes/Desktop/Kaggle/ubc-ovarian-cancer-subtype-classification-and-outlier-detection/data/model_datasets/human_protein_atlas/images/263.png
human_protein_atlas_264,HGSC,2526,2604,tma,ovary,,human_protein_atlas,/home/gunes/Desktop/Kaggle/ubc-ovarian-cancer-subtype-classification-and-outlier-detection/data/model_datasets/human_protein_atlas/images/264.png
human_protein_atlas_265,LGSC,2578,2700,tma,ovary,,human_protein_atlas,/home/gunes/Desktop/Kaggle/ubc-ovarian-cancer-subtype-classification-and-outlier-detection/data/model_datasets/human_protein_atlas/images/265.png
human_protein_atlas_266,MC,2303,2243,tma,ovary,,human_protein_atlas,/home/gunes/Desktop/Kaggle/ubc-ovarian-cancer-subtype-classification-and-outlier-detection/data/model_datasets/human_protein_atlas/images/266.png
human_protein_atlas_267,MC,2511,2411,tma,ovary,,human_protein_atlas,/home/gunes/Desktop/Kaggle/ubc-ovarian-cancer-subtype-classification-and-outlier-detection/data/model_datasets/human_protein_atlas/images/267.png
human_protein_atlas_268,EC,2570,2645,tma,ovary,,human_protein_atlas,/home/gunes/Desktop/Kaggle/ubc-ovarian-cancer-subtype-classification-and-outlier-detection/data/model_datasets/human_protein_atlas/images/268.png
human_protein_atlas_269,EC,2022,2235,tma,ovary,,human_protein_atlas,/home/gunes/Desktop/Kaggle/ubc-ovarian-cancer-subtype-classification-and-outlier-detection/data/model_datasets/human_protein_atlas/images/269.png
human_protein_atlas_270,MC,2581,2501,tma,ovary,,human_protein_atlas,/home/gunes/Desktop/Kaggle/ubc-ovarian-cancer-subtype-classification-and-outlier-detection/data/model_datasets/human_protein_atlas/images/270.png
human_protein_atlas_271,LGSC,2404,2286,tma,ovary,,human_protein_atlas,/home/gunes/Desktop/Kaggle/ubc-ovarian-cancer-subtype-classification-and-outlier-detection/data/model_datasets/human_protein_atlas/images/271.png
human_protein_atlas_272,MC,2784,2870,tma,ovary,,human_protein_atlas,/home/gunes/Desktop/Kaggle/ubc-ovarian-cancer-subtype-classification-and-outlier-detection/data/model_datasets/human_protein_atlas/images/272.png
human_protein_atlas_273,MC,2434,2281,tma,ovary,,human_protein_atlas,/home/gunes/Desktop/Kaggle/ubc-ovarian-cancer-subtype-classification-and-outlier-detection/data/model_datasets/human_protein_atlas/images/273.png
human_protein_atlas_274,EC,2288,2151,tma,ovary,,human_protein_atlas,/home/gunes/Desktop/Kaggle/ubc-ovarian-cancer-subtype-classification-and-outlier-detection/data/model_datasets/human_protein_atlas/images/274.png
human_protein_atlas_275,MC,2680,2674,tma,ovary,,human_protein_atlas,/home/gunes/Desktop/Kaggle/ubc-ovarian-cancer-subtype-classification-and-outlier-detection/data/model_datasets/human_protein_atlas/images/275.png
human_protein_atlas_276,EC,2391,2461,tma,ovary,,human_protein_atlas,/home/gunes/Desktop/Kaggle/ubc-ovarian-cancer-subtype-classification-and-outlier-detection/data/model_datasets/human_protein_atlas/images/276.png
human_protein_atlas_277,HGSC,2315,2578,tma,ovary,,human_protein_atlas,/home/gunes/Desktop/Kaggle/ubc-ovarian-cancer-subtype-classification-and-outlier-detection/data/model_datasets/human_protein_atlas/images/277.png
human_protein_atlas_278,LGSC,2516,2766,tma,ovary,,human_protein_atlas,/home/gunes/Desktop/Kaggle/ubc-ovarian-cancer-subtype-classification-and-outlier-detection/data/model_datasets/human_protein_atlas/images/278.png
human_protein_atlas_279,MC,2174,2051,tma,ovary,,human_protein_atlas,/home/gunes/Desktop/Kaggle/ubc-ovarian-cancer-subtype-classification-and-outlier-detection/data/model_datasets/human_protein_atlas/images/279.png
human_protein_atlas_280,HGSC,2216,2633,tma,ovary,,human_protein_atlas,/home/gunes/Desktop/Kaggle/ubc-ovarian-cancer-subtype-classification-and-outlier-detection/data/model_datasets/human_protein_atlas/images/280.png
human_protein_atlas_281,MC,2255,1883,tma,ovary,,human_protein_atlas,/home/gunes/Desktop/Kaggle/ubc-ovarian-cancer-subtype-classification-and-outlier-detection/data/model_datasets/human_protein_atlas/images/281.png
human_protein_atlas_282,HGSC,2430,2586,tma,ovary,,human_protein_atlas,/home/gunes/Desktop/Kaggle/ubc-ovarian-cancer-subtype-classification-and-outlier-detection/data/model_datasets/human_protein_atlas/images/282.png
human_protein_atlas_283,EC,2418,2542,tma,ovary,,human_protein_atlas,/home/gunes/Desktop/Kaggle/ubc-ovarian-cancer-subtype-classification-and-outlier-detection/data/model_datasets/human_protein_atlas/images/283.png
human_protein_atlas_284,HGSC,2271,2303,tma,ovary,,human_protein_atlas,/home/gunes/Desktop/Kaggle/ubc-ovarian-cancer-subtype-classification-and-outlier-detection/data/model_datasets/human_protein_atlas/images/284.png
human_protein_atlas_285,LGSC,2300,2524,tma,ovary,,human_protein_atlas,/home/gunes/Desktop/Kaggle/ubc-ovarian-cancer-subtype-classification-and-outlier-detection/data/model_datasets/human_protein_atlas/images/285.png
human_protein_atlas_286,EC,2561,2439,tma,ovary,,human_protein_atlas,/home/gunes/Desktop/Kaggle/ubc-ovarian-cancer-subtype-classification-and-outlier-detection/data/model_datasets/human_protein_atlas/images/286.png
human_protein_atlas_287,EC,2335,2592,tma,ovary,,human_protein_atlas,/home/gunes/Desktop/Kaggle/ubc-ovarian-cancer-subtype-classification-and-outlier-detection/data/model_datasets/human_protein_atlas/images/287.png
human_protein_atlas_288,MC,1554,2482,tma,ovary,,human_protein_atlas,/home/gunes/Desktop/Kaggle/ubc-ovarian-cancer-subtype-classification-and-outlier-detection/data/model_datasets/human_protein_atlas/images/288.png
human_protein_atlas_289,LGSC,2730,2589,tma,ovary,,human_protein_atlas,/home/gunes/Desktop/Kaggle/ubc-ovarian-cancer-subtype-classification-and-outlier-detection/data/model_datasets/human_protein_atlas/images/289.png
human_protein_atlas_290,EC,2445,2590,tma,ovary,,human_protein_atlas,/home/gunes/Desktop/Kaggle/ubc-ovarian-cancer-subtype-classification-and-outlier-detection/data/model_datasets/human_protein_atlas/images/290.png
human_protein_atlas_291,MC,2102,2366,tma,ovary,,human_protein_atlas,/home/gunes/Desktop/Kaggle/ubc-ovarian-cancer-subtype-classification-and-outlier-detection/data/model_datasets/human_protein_atlas/images/291.png
human_protein_atlas_292,MC,2496,2533,tma,ovary,,human_protein_atlas,/home/gunes/Desktop/Kaggle/ubc-ovarian-cancer-subtype-classification-and-outlier-detection/data/model_datasets/human_protein_atlas/images/292.png
human_protein_atlas_293,EC,2323,2327,tma,ovary,,human_protein_atlas,/home/gunes/Desktop/Kaggle/ubc-ovarian-cancer-subtype-classification-and-outlier-detection/data/model_datasets/human_protein_atlas/images/293.png
human_protein_atlas_294,MC,2367,2504,tma,ovary,,human_protein_atlas,/home/gunes/Desktop/Kaggle/ubc-ovarian-cancer-subtype-classification-and-outlier-detection/data/model_datasets/human_protein_atlas/images/294.png
human_protein_atlas_295,EC,2497,1975,tma,ovary,,human_protein_atlas,/home/gunes/Desktop/Kaggle/ubc-ovarian-cancer-subtype-classification-and-outlier-detection/data/model_datasets/human_protein_atlas/images/295.png
human_protein_atlas_296,MC,2032,1907,tma,ovary,,human_protein_atlas,/home/gunes/Desktop/Kaggle/ubc-ovarian-cancer-subtype-classification-and-outlier-detection/data/model_datasets/human_protein_atlas/images/296.png
human_protein_atlas_297,MC,2393,2474,tma,ovary,,human_protein_atlas,/home/gunes/Desktop/Kaggle/ubc-ovarian-cancer-subtype-classification-and-outlier-detection/data/model_datasets/human_protein_atlas/images/297.png
human_protein_atlas_298,EC,2399,2662,tma,ovary,,human_protein_atlas,/home/gunes/Desktop/Kaggle/ubc-ovarian-cancer-subtype-classification-and-outlier-detection/data/model_datasets/human_protein_atlas/images/298.png
human_protein_atlas_299,EC,2238,2305,tma,ovary,,human_protein_atlas,/home/gunes/Desktop/Kaggle/ubc-ovarian-cancer-subtype-classification-and-outlier-detection/data/model_datasets/human_protein_atlas/images/299.png
human_protein_atlas_300,EC,2347,2428,tma,ovary,,human_protein_atlas,/home/gunes/Desktop/Kaggle/ubc-ovarian-cancer-subtype-classification-and-outlier-detection/data/model_datasets/human_protein_atlas/images/300.png
human_protein_atlas_301,LGSC,2222,2568,tma,ovary,,human_protein_atlas,/home/gunes/Desktop/Kaggle/ubc-ovarian-cancer-subtype-classification-and-outlier-detection/data/model_datasets/human_protein_atlas/images/301.png
human_protein_atlas_302,EC,2508,2444,tma,ovary,,human_protein_atlas,/home/gunes/Desktop/Kaggle/ubc-ovarian-cancer-subtype-classification-and-outlier-detection/data/model_datasets/human_protein_atlas/images/302.png
human_protein_atlas_303,EC,2188,2492,tma,ovary,,human_protein_atlas,/home/gunes/Desktop/Kaggle/ubc-ovarian-cancer-subtype-classification-and-outlier-detection/data/model_datasets/human_protein_atlas/images/303.png
human_protein_atlas_304,MC,2228,1675,tma,ovary,,human_protein_atlas,/home/gunes/Desktop/Kaggle/ubc-ovarian-cancer-subtype-classification-and-outlier-detection/data/model_datasets/human_protein_atlas/images/304.png
human_protein_atlas_305,MC,2191,2358,tma,ovary,,human_protein_atlas,/home/gunes/Desktop/Kaggle/ubc-ovarian-cancer-subtype-classification-and-outlier-detection/data/model_datasets/human_protein_atlas/images/305.png
human_protein_atlas_306,EC,2429,2720,tma,ovary,,human_protein_atlas,/home/gunes/Desktop/Kaggle/ubc-ovarian-cancer-subtype-classification-and-outlier-detection/data/model_datasets/human_protein_atlas/images/306.png
human_protein_atlas_307,EC,2654,2399,tma,ovary,,human_protein_atlas,/home/gunes/Desktop/Kaggle/ubc-ovarian-cancer-subtype-classification-and-outlier-detection/data/model_datasets/human_protein_atlas/images/307.png
human_protein_atlas_308,EC,2158,2602,tma,ovary,,human_protein_atlas,/home/gunes/Desktop/Kaggle/ubc-ovarian-cancer-subtype-classification-and-outlier-detection/data/model_datasets/human_protein_atlas/images/308.png
human_protein_atlas_309,EC,2448,2585,tma,ovary,,human_protein_atlas,/home/gunes/Desktop/Kaggle/ubc-ovarian-cancer-subtype-classification-and-outlier-detection/data/model_datasets/human_protein_atlas/images/309.png
human_protein_atlas_310,MC,1350,2136,tma,ovary,,human_protein_atlas,/home/gunes/Desktop/Kaggle/ubc-ovarian-cancer-subtype-classification-and-outlier-detection/data/model_datasets/human_protein_atlas/images/310.png
human_protein_atlas_311,MC,2460,2570,tma,ovary,,human_protein_atlas,/home/gunes/Desktop/Kaggle/ubc-ovarian-cancer-subtype-classification-and-outlier-detection/data/model_datasets/human_protein_atlas/images/311.png
human_protein_atlas_312,EC,2502,2441,tma,ovary,,human_protein_atlas,/home/gunes/Desktop/Kaggle/ubc-ovarian-cancer-subtype-classification-and-outlier-detection/data/model_datasets/human_protein_atlas/images/312.png
human_protein_atlas_313,HGSC,2285,2335,tma,ovary,,human_protein_atlas,/home/gunes/Desktop/Kaggle/ubc-ovarian-cancer-subtype-classification-and-outlier-detection/data/model_datasets/human_protein_atlas/images/313.png
human_protein_atlas_314,EC,2162,2408,tma,ovary,,human_protein_atlas,/home/gunes/Desktop/Kaggle/ubc-ovarian-cancer-subtype-classification-and-outlier-detection/data/model_datasets/human_protein_atlas/images/314.png
human_protein_atlas_315,MC,2738,2860,tma,ovary,,human_protein_atlas,/home/gunes/Desktop/Kaggle/ubc-ovarian-cancer-subtype-classification-and-outlier-detection/data/model_datasets/human_protein_atlas/images/315.png
human_protein_atlas_316,EC,2232,2377,tma,ovary,,human_protein_atlas,/home/gunes/Desktop/Kaggle/ubc-ovarian-cancer-subtype-classification-and-outlier-detection/data/model_datasets/human_protein_atlas/images/316.png
human_protein_atlas_317,LGSC,2329,2516,tma,ovary,,human_protein_atlas,/home/gunes/Desktop/Kaggle/ubc-ovarian-cancer-subtype-classification-and-outlier-detection/data/model_datasets/human_protein_atlas/images/317.png
human_protein_atlas_318,MC,2525,2653,tma,ovary,,human_protein_atlas,/home/gunes/Desktop/Kaggle/ubc-ovarian-cancer-subtype-classification-and-outlier-detection/data/model_datasets/human_protein_atlas/images/318.png
human_protein_atlas_319,EC,2411,2582,tma,ovary,,human_protein_atlas,/home/gunes/Desktop/Kaggle/ubc-ovarian-cancer-subtype-classification-and-outlier-detection/data/model_datasets/human_protein_atlas/images/319.png
human_protein_atlas_320,MC,2216,2235,tma,ovary,,human_protein_atlas,/home/gunes/Desktop/Kaggle/ubc-ovarian-cancer-subtype-classification-and-outlier-detection/data/model_datasets/human_protein_atlas/images/320.png
human_protein_atlas_321,EC,2357,2321,tma,ovary,,human_protein_atlas,/home/gunes/Desktop/Kaggle/ubc-ovarian-cancer-subtype-classification-and-outlier-detection/data/model_datasets/human_protein_atlas/images/321.png
human_protein_atlas_322,LGSC,2480,2611,tma,ovary,,human_protein_atlas,/home/gunes/Desktop/Kaggle/ubc-ovarian-cancer-subtype-classification-and-outlier-detection/data/model_datasets/human_protein_atlas/images/322.png
human_protein_atlas_323,MC,2713,3000,tma,ovary,,human_protein_atlas,/home/gunes/Desktop/Kaggle/ubc-ovarian-cancer-subtype-classification-and-outlier-detection/data/model_datasets/human_protein_atlas/images/323.png
human_protein_atlas_324,MC,2269,2476,tma,ovary,,human_protein_atlas,/home/gunes/Desktop/Kaggle/ubc-ovarian-cancer-subtype-classification-and-outlier-detection/data/model_datasets/human_protein_atlas/images/324.png
human_protein_atlas_325,LGSC,2400,2727,tma,ovary,,human_protein_atlas,/home/gunes/Desktop/Kaggle/ubc-ovarian-cancer-subtype-classification-and-outlier-detection/data/model_datasets/human_protein_atlas/images/325.png
human_protein_atlas_326,EC,2327,2435,tma,ovary,,human_protein_atlas,/home/gunes/Desktop/Kaggle/ubc-ovarian-cancer-subtype-classification-and-outlier-detection/data/model_datasets/human_protein_atlas/images/326.png
human_protein_atlas_327,EC,2202,2356,tma,ovary,,human_protein_atlas,/home/gunes/Desktop/Kaggle/ubc-ovarian-cancer-subtype-classification-and-outlier-detection/data/model_datasets/human_protein_atlas/images/327.png
human_protein_atlas_328,LGSC,2541,2648,tma,ovary,,human_protein_atlas,/home/gunes/Desktop/Kaggle/ubc-ovarian-cancer-subtype-classification-and-outlier-detection/data/model_datasets/human_protein_atlas/images/328.png
human_protein_atlas_329,MC,2465,2505,tma,ovary,,human_protein_atlas,/home/gunes/Desktop/Kaggle/ubc-ovarian-cancer-subtype-classification-and-outlier-detection/data/model_datasets/human_protein_atlas/images/329.png
human_protein_atlas_330,EC,2626,2386,tma,ovary,,human_protein_atlas,/home/gunes/Desktop/Kaggle/ubc-ovarian-cancer-subtype-classification-and-outlier-detection/data/model_datasets/human_protein_atlas/images/330.png
human_protein_atlas_331,LGSC,2229,2336,tma,ovary,,human_protein_atlas,/home/gunes/Desktop/Kaggle/ubc-ovarian-cancer-subtype-classification-and-outlier-detection/data/model_datasets/human_protein_atlas/images/331.png
human_protein_atlas_332,EC,2440,2523,tma,ovary,,human_protein_atlas,/home/gunes/Desktop/Kaggle/ubc-ovarian-cancer-subtype-classification-and-outlier-detection/data/model_datasets/human_protein_atlas/images/332.png
human_protein_atlas_333,MC,2887,2706,tma,ovary,,human_protein_atlas,/home/gunes/Desktop/Kaggle/ubc-ovarian-cancer-subtype-classification-and-outlier-detection/data/model_datasets/human_protein_atlas/images/333.png
human_protein_atlas_334,EC,2298,2358,tma,ovary,,human_protein_atlas,/home/gunes/Desktop/Kaggle/ubc-ovarian-cancer-subtype-classification-and-outlier-detection/data/model_datasets/human_protein_atlas/images/334.png
human_protein_atlas_335,HGSC,2300,1980,tma,ovary,,human_protein_atlas,/home/gunes/Desktop/Kaggle/ubc-ovarian-cancer-subtype-classification-and-outlier-detection/data/model_datasets/human_protein_atlas/images/335.png
human_protein_atlas_336,LGSC,2368,2312,tma,ovary,,human_protein_atlas,/home/gunes/Desktop/Kaggle/ubc-ovarian-cancer-subtype-classification-and-outlier-detection/data/model_datasets/human_protein_atlas/images/336.png
human_protein_atlas_337,EC,2487,2674,tma,ovary,,human_protein_atlas,/home/gunes/Desktop/Kaggle/ubc-ovarian-cancer-subtype-classification-and-outlier-detection/data/model_datasets/human_protein_atlas/images/337.png
human_protein_atlas_338,LGSC,2181,2309,tma,ovary,,human_protein_atlas,/home/gunes/Desktop/Kaggle/ubc-ovarian-cancer-subtype-classification-and-outlier-detection/data/model_datasets/human_protein_atlas/images/338.png
human_protein_atlas_339,MC,2846,2867,tma,ovary,,human_protein_atlas,/home/gunes/Desktop/Kaggle/ubc-ovarian-cancer-subtype-classification-and-outlier-detection/data/model_datasets/human_protein_atlas/images/339.png
human_protein_atlas_340,EC,2505,2809,tma,ovary,,human_protein_atlas,/home/gunes/Desktop/Kaggle/ubc-ovarian-cancer-subtype-classification-and-outlier-detection/data/model_datasets/human_protein_atlas/images/340.png
human_protein_atlas_341,MC,2272,2181,tma,ovary,,human_protein_atlas,/home/gunes/Desktop/Kaggle/ubc-ovarian-cancer-subtype-classification-and-outlier-detection/data/model_datasets/human_protein_atlas/images/341.png
human_protein_atlas_342,EC,2426,2635,tma,ovary,,human_protein_atlas,/home/gunes/Desktop/Kaggle/ubc-ovarian-cancer-subtype-classification-and-outlier-detection/data/model_datasets/human_protein_atlas/images/342.png
human_protein_atlas_343,EC,2541,2602,tma,ovary,,human_protein_atlas,/home/gunes/Desktop/Kaggle/ubc-ovarian-cancer-subtype-classification-and-outlier-detection/data/model_datasets/human_protein_atlas/images/343.png
human_protein_atlas_344,MC,2282,2401,tma,ovary,,human_protein_atlas,/home/gunes/Desktop/Kaggle/ubc-ovarian-cancer-subtype-classification-and-outlier-detection/data/model_datasets/human_protein_atlas/images/344.png
human_protein_atlas_345,MC,2352,2567,tma,ovary,,human_protein_atlas,/home/gunes/Desktop/Kaggle/ubc-ovarian-cancer-subtype-classification-and-outlier-detection/data/model_datasets/human_protein_atlas/images/345.png
human_protein_atlas_346,MC,2037,1334,tma,ovary,,human_protein_atlas,/home/gunes/Desktop/Kaggle/ubc-ovarian-cancer-subtype-classification-and-outlier-detection/data/model_datasets/human_protein_atlas/images/346.png
human_protein_atlas_347,EC,2142,2315,tma,ovary,,human_protein_atlas,/home/gunes/Desktop/Kaggle/ubc-ovarian-cancer-subtype-classification-and-outlier-detection/data/model_datasets/human_protein_atlas/images/347.png
human_protein_atlas_348,MC,2541,2585,tma,ovary,,human_protein_atlas,/home/gunes/Desktop/Kaggle/ubc-ovarian-cancer-subtype-classification-and-outlier-detection/data/model_datasets/human_protein_atlas/images/348.png
human_protein_atlas_349,EC,2421,2712,tma,ovary,,human_protein_atlas,/home/gunes/Desktop/Kaggle/ubc-ovarian-cancer-subtype-classification-and-outlier-detection/data/model_datasets/human_protein_atlas/images/349.png
human_protein_atlas_350,MC,2486,2763,tma,ovary,,human_protein_atlas,/home/gunes/Desktop/Kaggle/ubc-ovarian-cancer-subtype-classification-and-outlier-detection/data/model_datasets/human_protein_atlas/images/350.png
human_protein_atlas_351,MC,2408,2571,tma,ovary,,human_protein_atlas,/home/gunes/Desktop/Kaggle/ubc-ovarian-cancer-subtype-classification-and-outlier-detection/data/model_datasets/human_protein_atlas/images/351.png
human_protein_atlas_352,HGSC,2283,2411,tma,ovary,,human_protein_atlas,/home/gunes/Desktop/Kaggle/ubc-ovarian-cancer-subtype-classification-and-outlier-detection/data/model_datasets/human_protein_atlas/images/352.png
human_protein_atlas_353,EC,2771,2939,tma,ovary,,human_protein_atlas,/home/gunes/Desktop/Kaggle/ubc-ovarian-cancer-subtype-classification-and-outlier-detection/data/model_datasets/human_protein_atlas/images/353.png
human_protein_atlas_354,EC,2000,2397,tma,ovary,,human_protein_atlas,/home/gunes/Desktop/Kaggle/ubc-ovarian-cancer-subtype-classification-and-outlier-detection/data/model_datasets/human_protein_atlas/images/354.png
human_protein_atlas_355,HGSC,2277,2281,tma,ovary,,human_protein_atlas,/home/gunes/Desktop/Kaggle/ubc-ovarian-cancer-subtype-classification-and-outlier-detection/data/model_datasets/human_protein_atlas/images/355.png
human_protein_atlas_356,EC,3000,3000,tma,ovary,,human_protein_atlas,/home/gunes/Desktop/Kaggle/ubc-ovarian-cancer-subtype-classification-and-outlier-detection/data/model_datasets/human_protein_atlas/images/356.png
human_protein_atlas_357,MC,2360,2326,tma,ovary,,human_protein_atlas,/home/gunes/Desktop/Kaggle/ubc-ovarian-cancer-subtype-classification-and-outlier-detection/data/model_datasets/human_protein_atlas/images/357.png
human_protein_atlas_358,LGSC,2442,2681,tma,ovary,,human_protein_atlas,/home/gunes/Desktop/Kaggle/ubc-ovarian-cancer-subtype-classification-and-outlier-detection/data/model_datasets/human_protein_atlas/images/358.png
human_protein_atlas_359,LGSC,2627,2719,tma,ovary,,human_protein_atlas,/home/gunes/Desktop/Kaggle/ubc-ovarian-cancer-subtype-classification-and-outlier-detection/data/model_datasets/human_protein_atlas/images/359.png
human_protein_atlas_360,MC,2486,2763,tma,ovary,,human_protein_atlas,/home/gunes/Desktop/Kaggle/ubc-ovarian-cancer-subtype-classification-and-outlier-detection/data/model_datasets/human_protein_atlas/images/360.png
human_protein_atlas_361,MC,2493,2761,tma,ovary,,human_protein_atlas,/home/gunes/Desktop/Kaggle/ubc-ovarian-cancer-subtype-classification-and-outlier-detection/data/model_datasets/human_protein_atlas/images/361.png
human_protein_atlas_362,LGSC,2471,2590,tma,ovary,,human_protein_atlas,/home/gunes/Desktop/Kaggle/ubc-ovarian-cancer-subtype-classification-and-outlier-detection/data/model_datasets/human_protein_atlas/images/362.png
human_protein_atlas_363,EC,2087,2262,tma,ovary,,human_protein_atlas,/home/gunes/Desktop/Kaggle/ubc-ovarian-cancer-subtype-classification-and-outlier-detection/data/model_datasets/human_protein_atlas/images/363.png
human_protein_atlas_364,LGSC,2347,2246,tma,ovary,,human_protein_atlas,/home/gunes/Desktop/Kaggle/ubc-ovarian-cancer-subtype-classification-and-outlier-detection/data/model_datasets/human_protein_atlas/images/364.png
human_protein_atlas_365,LGSC,2374,2672,tma,ovary,,human_protein_atlas,/home/gunes/Desktop/Kaggle/ubc-ovarian-cancer-subtype-classification-and-outlier-detection/data/model_datasets/human_protein_atlas/images/365.png
human_protein_atlas_366,LGSC,2831,2537,tma,ovary,,human_protein_atlas,/home/gunes/Desktop/Kaggle/ubc-ovarian-cancer-subtype-classification-and-outlier-detection/data/model_datasets/human_protein_atlas/images/366.png
human_protein_atlas_367,LGSC,2923,2881,tma,ovary,,human_protein_atlas,/home/gunes/Desktop/Kaggle/ubc-ovarian-cancer-subtype-classification-and-outlier-detection/data/model_datasets/human_protein_atlas/images/367.png
human_protein_atlas_368,EC,2292,2083,tma,ovary,,human_protein_atlas,/home/gunes/Desktop/Kaggle/ubc-ovarian-cancer-subtype-classification-and-outlier-detection/data/model_datasets/human_protein_atlas/images/368.png
human_protein_atlas_369,EC,2413,2438,tma,ovary,,human_protein_atlas,/home/gunes/Desktop/Kaggle/ubc-ovarian-cancer-subtype-classification-and-outlier-detection/data/model_datasets/human_protein_atlas/images/369.png
human_protein_atlas_370,EC,2307,2314,tma,ovary,,human_protein_atlas,/home/gunes/Desktop/Kaggle/ubc-ovarian-cancer-subtype-classification-and-outlier-detection/data/model_datasets/human_protein_atlas/images/370.png
human_protein_atlas_371,LGSC,2267,2560,tma,ovary,,human_protein_atlas,/home/gunes/Desktop/Kaggle/ubc-ovarian-cancer-subtype-classification-and-outlier-detection/data/model_datasets/human_protein_atlas/images/371.png
human_protein_atlas_372,EC,2353,2439,tma,ovary,,human_protein_atlas,/home/gunes/Desktop/Kaggle/ubc-ovarian-cancer-subtype-classification-and-outlier-detection/data/model_datasets/human_protein_atlas/images/372.png
human_protein_atlas_373,MC,2298,2444,tma,ovary,,human_protein_atlas,/home/gunes/Desktop/Kaggle/ubc-ovarian-cancer-subtype-classification-and-outlier-detection/data/model_datasets/human_protein_atlas/images/373.png
human_protein_atlas_374,EC,2370,2296,tma,ovary,,human_protein_atlas,/home/gunes/Desktop/Kaggle/ubc-ovarian-cancer-subtype-classification-and-outlier-detection/data/model_datasets/human_protein_atlas/images/374.png
human_protein_atlas_375,HGSC,2393,2562,tma,ovary,,human_protein_atlas,/home/gunes/Desktop/Kaggle/ubc-ovarian-cancer-subtype-classification-and-outlier-detection/data/model_datasets/human_protein_atlas/images/375.png
